timestamp,phase,gpu,gpu_model,power_w,temp_c,mem_used_mib,mem_total_mib,gpu_util_pct,mem_util_pct,sm_active,tensor_active,dram_active,fp16_active,pcie_tx_bytes_s,pcie_rx_bytes_s,nvlink_tx_bytes_s,nvlink_rx_bytes_s,throttle_reasons,energy_mj
1775011196.224,init,0,NVIDIA H100 80GB HBM3,71.1,32,0,81559,0,0,0.000000,0.000000,0.000005,0.000000,786133,686556,0,0,1,237765195310
1775011196.224,init,1,NVIDIA H100 80GB HBM3,72.4,30,0,81559,0,0,0.000000,0.000000,0.000005,0.000000,691815,592235,0,0,1,231191800174
1775011196.224,init,2,NVIDIA H100 80GB HBM3,69.3,30,0,81559,0,0,0.000000,0.000000,0.000005,0.000000,681328,576508,0,0,1,230257262186
1775011196.224,init,3,NVIDIA H100 80GB HBM3,70.5,31,0,81559,0,0,0.000000,0.000000,0.000005,0.000000,697061,597480,0,0,1,234450638943
1775011196.224,init,4,NVIDIA H100 80GB HBM3,72.1,33,0,81559,0,0,0.000000,0.000000,0.000005,0.000000,681343,581762,0,0,1,229488008692
1775011196.224,init,5,NVIDIA H100 80GB HBM3,73.3,31,0,81559,0,0,0.000000,0.000000,0.000005,0.000000,691811,592232,0,0,1,226001863457
1775011196.224,init,6,NVIDIA H100 80GB HBM3,70.6,33,0,81559,0,0,0.000000,0.000000,0.000005,0.000000,686566,581746,0,0,1,226006500168
1775011196.224,init,7,NVIDIA H100 80GB HBM3,70.5,30,0,81559,0,0,0.000000,0.000000,0.000005,0.000000,686576,581755,0,0,1,224916056562
1775011196.324,loading,0,NVIDIA H100 80GB HBM3,71.0,32,0,81559,0,0,0.000000,0.000000,0.000005,0.000000,691811,586991,0,0,1,237765202372
1775011196.324,loading,1,NVIDIA H100 80GB HBM3,72.4,30,0,81559,0,0,0.000000,0.000000,0.000005,0.000000,723286,623703,0,0,1,231191807407
1775011196.324,loading,2,NVIDIA H100 80GB HBM3,69.3,30,0,81559,0,0,0.000000,0.000000,0.000005,0.000000,429768,560795,0,0,1,230257262186
1775011196.324,loading,3,NVIDIA H100 80GB HBM3,70.5,31,0,81559,0,0,0.000000,0.000000,0.000005,0.000000,692050,587982,0,0,1,234450638943
1775011196.324,loading,4,NVIDIA H100 80GB HBM3,72.1,33,0,81559,0,0,0.000000,0.000000,0.000005,0.000000,676101,571279,0,0,1,229488008692
1775011196.324,loading,5,NVIDIA H100 80GB HBM3,73.2,31,0,81559,0,0,0.000000,0.000000,0.000005,0.000000,702301,602721,0,0,1,226001863457
1775011196.324,loading,6,NVIDIA H100 80GB HBM3,70.6,33,0,81559,0,0,0.000000,0.000000,0.000005,0.000000,686571,581751,0,0,1,226006500168
1775011196.324,loading,7,NVIDIA H100 80GB HBM3,70.5,30,0,81559,0,0,0.000000,0.000000,0.000005,0.000000,859534,759954,0,0,1,224916056562
1775011196.424,loading,0,NVIDIA H100 80GB HBM3,71.0,32,0,81559,0,0,0.000000,0.000000,0.000006,0.000000,691812,592233,0,0,1,237765209471
1775011196.424,loading,1,NVIDIA H100 80GB HBM3,72.4,30,0,81559,0,0,0.000000,0.000000,0.000005,0.000000,817568,717993,0,0,1,231191814637
1775011196.424,loading,2,NVIDIA H100 80GB HBM3,69.3,30,0,81559,0,0,0.000000,0.000000,0.000005,0.000000,1462243,1158264,0,0,1,230257269117
1775011196.424,loading,3,NVIDIA H100 80GB HBM3,70.5,31,0,81559,0,0,0.000000,0.000000,0.000005,0.000000,697119,597530,0,0,1,234450645987
1775011196.424,loading,4,NVIDIA H100 80GB HBM3,72.1,33,0,81559,0,0,0.000000,0.000000,0.000005,0.000000,670842,571264,0,0,1,229488015898
1775011196.424,loading,5,NVIDIA H100 80GB HBM3,73.3,31,0,81559,0,0,0.000000,0.000000,0.000005,0.000000,686464,576420,0,0,1,226001870797
1775011196.424,loading,6,NVIDIA H100 80GB HBM3,70.6,33,0,81559,0,0,0.000000,0.000000,0.000005,0.000000,686624,592279,0,0,1,226006507226
1775011196.424,loading,7,NVIDIA H100 80GB HBM3,70.5,30,0,81559,0,0,0.000000,0.000000,0.000005,0.000000,686576,586997,0,0,1,224916063614
1775011196.524,loading,0,NVIDIA H100 80GB HBM3,71.1,32,0,81559,0,0,0.000000,0.000000,0.000005,0.000000,691814,586994,0,0,1,237765223677
1775011196.524,loading,1,NVIDIA H100 80GB HBM3,72.4,30,0,81559,0,0,0.000000,0.000000,0.000005,0.000000,681336,576515,0,0,1,231191814637
1775011196.524,loading,2,NVIDIA H100 80GB HBM3,69.3,30,0,81559,0,0,0.000000,0.000000,0.000005,0.000000,696951,597386,0,0,1,230257276046
1775011196.524,loading,3,NVIDIA H100 80GB HBM3,70.5,31,0,81559,0,0,0.000000,0.000000,0.000005,0.000000,681345,581763,0,0,1,234450653026
1775011196.524,loading,4,NVIDIA H100 80GB HBM3,72.1,33,0,81559,0,0,0.000000,0.000000,0.000005,0.000000,723320,618491,0,0,1,229488023101
1775011196.524,loading,5,NVIDIA H100 80GB HBM3,73.2,31,0,81559,0,0,0.000000,0.000000,0.000005,0.000000,1006285,906704,0,0,1,226001878093
1775011196.524,loading,6,NVIDIA H100 80GB HBM3,70.6,33,0,81559,0,0,0.000000,0.000000,0.000005,0.000000,697060,592239,0,0,1,226006514274
1775011196.524,loading,7,NVIDIA H100 80GB HBM3,70.5,30,0,81559,0,0,0.000000,0.000000,0.000005,0.000000,691814,592235,0,0,1,224916070655
1775011196.624,loading,0,NVIDIA H100 80GB HBM3,71.0,32,0,81559,0,0,0.000000,0.000000,0.000005,0.000000,702293,602714,0,0,1,237765230750
1775011196.624,loading,1,NVIDIA H100 80GB HBM3,72.4,30,0,81559,0,0,0.000000,0.000000,0.000006,0.000000,686578,586998,0,0,1,231191829096
1775011196.624,loading,2,NVIDIA H100 80GB HBM3,69.3,30,0,81559,0,0,0.000000,0.000000,0.000005,0.000000,686568,586990,0,0,1,230257282983
1775011196.624,loading,3,NVIDIA H100 80GB HBM3,70.5,31,0,81559,0,0,0.000000,0.000000,0.000006,0.000000,681311,581735,0,0,1,234450660074
1775011196.624,loading,4,NVIDIA H100 80GB HBM3,72.1,33,0,81559,0,0,0.000000,0.000000,0.000005,0.000000,676051,581718,0,0,1,229488030289
1775011196.624,loading,5,NVIDIA H100 80GB HBM3,73.3,31,0,81559,0,0,0.000000,0.000000,0.000005,0.000000,686579,581758,0,0,1,226001885422
1775011196.624,loading,6,NVIDIA H100 80GB HBM3,70.6,33,0,81559,0,0,0.000000,0.000000,0.000005,0.000000,670824,571248,0,0,1,226006521331
1775011196.624,loading,7,NVIDIA H100 80GB HBM3,70.5,30,0,81559,0,0,0.000000,0.000000,0.000005,0.000000,707535,607956,0,0,1,224916084753
1775011196.724,loading,0,NVIDIA H100 80GB HBM3,71.0,32,0,81559,0,0,0.000000,0.000000,0.000005,0.000000,398322,534590,0,0,1,237765230750
1775011196.724,loading,1,NVIDIA H100 80GB HBM3,72.4,30,0,81559,0,0,0.000000,0.000000,0.000005,0.000000,681336,586997,0,0,1,231191829096
1775011196.724,loading,2,NVIDIA H100 80GB HBM3,69.3,30,0,81559,0,0,0.000000,0.000000,0.000005,0.000000,822842,718022,0,0,1,230257289912
1775011196.724,loading,3,NVIDIA H100 80GB HBM3,70.5,31,0,81559,0,0,0.000000,0.000000,0.000005,0.000000,712786,613206,0,0,1,234450667108
1775011196.724,loading,4,NVIDIA H100 80GB HBM3,72.1,33,0,81559,0,0,0.000000,0.000000,0.000005,0.000000,796628,697050,0,0,1,229488037492
1775011196.724,loading,5,NVIDIA H100 80GB HBM3,73.2,31,0,81559,0,0,0.000000,0.000000,0.000005,0.000000,686582,587001,0,0,1,226001892727
1775011196.724,loading,6,NVIDIA H100 80GB HBM3,70.6,33,0,81559,0,0,0.000000,0.000000,0.000005,0.000000,686583,581761,0,0,1,226006528379
1775011196.724,loading,7,NVIDIA H100 80GB HBM3,70.5,30,0,81559,0,0,0.000000,0.000000,0.000005,0.000000,519508,646838,0,0,1,224916091797
1775011196.824,loading,0,NVIDIA H100 80GB HBM3,71.0,32,0,81559,0,0,0.000000,0.000000,0.000005,0.000000,1472734,1163512,0,0,1,237765237867
1775011196.824,loading,1,NVIDIA H100 80GB HBM3,72.4,30,0,81559,0,0,0.000000,0.000000,0.000005,0.000000,671864,569290,0,0,1,231191836341
1775011196.824,loading,2,NVIDIA H100 80GB HBM3,69.3,30,0,81559,0,0,0.000000,0.000000,0.000006,0.000000,691820,592240,0,0,1,230257296825
1775011196.824,loading,3,NVIDIA H100 80GB HBM3,70.5,31,0,81559,0,0,0.000000,0.000000,0.000005,0.000000,812365,707544,0,0,1,234450674150
1775011196.824,loading,4,NVIDIA H100 80GB HBM3,72.1,33,0,81559,0,0,0.000000,0.000000,0.000005,0.000000,807124,702302,0,0,1,229488051907
1775011196.824,loading,5,NVIDIA H100 80GB HBM3,73.3,31,0,81559,0,0,0.000000,0.000000,0.000005,0.000000,796637,697057,0,0,1,226001900052
1775011196.824,loading,6,NVIDIA H100 80GB HBM3,70.6,33,0,81559,0,0,0.000000,0.000000,0.000005,0.000000,786145,691807,0,0,1,226006542495
1775011196.824,loading,7,NVIDIA H100 80GB HBM3,70.5,30,0,81559,0,0,0.000000,0.000000,0.000005,0.000000,1876475,1567223,0,0,1,224916098850
1775011196.924,loading,0,NVIDIA H100 80GB HBM3,71.0,32,0,81559,0,0,0.000000,0.000000,0.000005,0.000000,759942,660363,0,0,1,237765244958
1775011196.924,loading,1,NVIDIA H100 80GB HBM3,72.4,30,0,81559,0,0,0.000000,0.000000,0.000005,0.000000,765232,660406,0,0,1,231191843567
1775011196.924,loading,2,NVIDIA H100 80GB HBM3,69.3,30,0,81559,0,0,0.000000,0.000000,0.000005,0.000000,738985,634165,0,0,1,230257303751
1775011196.924,loading,3,NVIDIA H100 80GB HBM3,70.5,31,0,81559,0,0,0.000000,0.000000,0.000005,0.000000,728512,623690,0,0,1,234450681184
1775011196.924,loading,4,NVIDIA H100 80GB HBM3,72.1,33,0,81559,0,0,0.000000,0.000000,0.000006,0.000000,429761,566027,0,0,1,229488059104
1775011196.924,loading,5,NVIDIA H100 80GB HBM3,73.2,31,0,81559,0,0,0.000000,0.000000,0.000005,0.000000,754718,655137,0,0,1,226001907367
1775011196.924,loading,6,NVIDIA H100 80GB HBM3,70.6,33,0,81559,0,0,0.000000,0.000000,0.000006,0.000000,744215,639396,0,0,1,226006549544
1775011196.924,loading,7,NVIDIA H100 80GB HBM3,70.5,30,0,81559,0,0,0.000000,0.000000,0.000005,0.000000,733765,639424,0,0,1,224916105863
1775011197.024,loading,0,NVIDIA H100 80GB HBM3,71.0,32,0,81559,0,0,0.000000,0.000000,0.000005,0.000000,681342,576520,0,0,1,237765252020
1775011197.024,loading,1,NVIDIA H100 80GB HBM3,72.4,30,0,81559,0,0,0.000000,0.000000,0.000005,0.000000,665605,566026,0,0,1,231191858039
1775011197.024,loading,2,NVIDIA H100 80GB HBM3,69.3,30,0,81559,0,0,0.000000,0.000000,0.000005,0.000000,681340,581759,0,0,1,230257310674
1775011197.024,loading,3,NVIDIA H100 80GB HBM3,70.5,31,0,81559,0,0,0.000000,0.000000,0.000005,0.000000,681331,586993,0,0,1,234450688223
1775011197.024,loading,4,NVIDIA H100 80GB HBM3,72.1,33,0,81559,0,0,0.000000,0.000000,0.000005,0.000000,1483219,1173996,0,0,1,229488066302
1775011197.024,loading,5,NVIDIA H100 80GB HBM3,73.2,31,0,81559,0,0,0.000000,0.000000,0.000005,0.000000,744213,623672,0,0,1,226001922001
1775011197.024,loading,6,NVIDIA H100 80GB HBM3,70.6,33,0,81559,0,0,0.000000,0.000000,0.000005,0.000000,136267,62892,0,0,1,226006556591
1775011197.024,loading,7,NVIDIA H100 80GB HBM3,70.5,30,0,81559,0,0,0.000000,0.000000,0.000005,0.000000,733707,628892,0,0,1,224916112912
1775011197.124,loading,0,NVIDIA H100 80GB HBM3,71.0,32,0,81559,0,0,0.000000,0.000000,0.000005,0.000000,776362,682573,0,0,1,237765259111
1775011197.124,loading,1,NVIDIA H100 80GB HBM3,72.4,30,0,81559,0,0,0.000000,0.000000,0.000005,0.000000,759953,655131,0,0,1,231191865275
1775011197.124,loading,2,NVIDIA H100 80GB HBM3,69.3,30,0,81559,0,0,0.000000,0.000000,0.000005,0.000000,686540,586966,0,0,1,230257317612
1775011197.124,loading,3,NVIDIA H100 80GB HBM3,70.5,31,0,81559,0,0,0.000000,0.000000,0.000005,0.000000,676092,566031,0,0,1,234450702314
1775011197.124,loading,4,NVIDIA H100 80GB HBM3,72.1,33,0,81559,0,0,0.000000,0.000000,0.000005,0.000000,642940,548244,0,0,1,229488073509
1775011197.124,loading,5,NVIDIA H100 80GB HBM3,73.2,31,0,81559,0,0,0.000000,0.000000,0.000006,0.000000,749456,649878,0,0,1,226001929293
1775011197.124,loading,6,NVIDIA H100 80GB HBM3,70.6,33,0,81559,0,0,0.000000,0.000000,0.000005,0.000000,744223,644644,0,0,1,226006563640
1775011197.124,loading,7,NVIDIA H100 80GB HBM3,70.5,30,0,81559,0,0,0.000000,0.000000,0.000006,0.000000,697063,592241,0,0,1,224916119956
1775011197.225,loading,0,NVIDIA H100 80GB HBM3,71.0,32,0,81559,0,0,0.000000,0.000000,0.000005,0.000000,691887,587056,0,0,1,237765266237
1775011197.225,loading,1,NVIDIA H100 80GB HBM3,72.4,30,0,81559,0,0,0.000000,0.000000,0.000005,0.000000,435004,571271,0,0,1,231191872511
1775011197.225,loading,2,NVIDIA H100 80GB HBM3,69.3,30,0,81559,0,0,0.000000,0.000000,0.000005,0.000000,671708,574285,0,0,1,230257324538
1775011197.225,loading,3,NVIDIA H100 80GB HBM3,70.5,31,0,81559,0,0,0.000000,0.000000,0.000005,0.000000,136268,73375,0,0,1,234450709357
1775011197.225,loading,4,NVIDIA H100 80GB HBM3,72.1,33,0,81559,0,0,0.000000,0.000000,0.000005,0.000000,926059,829382,0,0,1,229488080737
1775011197.225,loading,5,NVIDIA H100 80GB HBM3,73.2,31,0,81559,0,0,0.000000,0.000000,0.000005,0.000000,141506,68132,0,0,1,226001936626
1775011197.225,loading,6,NVIDIA H100 80GB HBM3,70.6,33,0,81559,0,0,0.000000,0.000000,0.000005,0.000000,691818,592238,0,0,1,226006570695
1775011197.225,loading,7,NVIDIA H100 80GB HBM3,70.5,30,0,81559,0,0,0.000000,0.000000,0.000005,0.000000,786133,686556,0,0,1,224916127000
1775011197.325,loading,0,NVIDIA H100 80GB HBM3,71.0,32,0,81559,0,0,0.000000,0.000000,0.000005,0.000000,691828,592247,0,0,1,237765273314
1775011197.325,loading,1,NVIDIA H100 80GB HBM3,72.4,30,0,81559,0,0,0.000000,0.000000,0.000005,0.000000,1451787,1147802,0,0,1,231191879750
1775011197.325,loading,2,NVIDIA H100 80GB HBM3,69.4,30,0,81559,0,0,0.000000,0.000000,0.000005,0.000000,696963,595217,0,0,1,230257331459
1775011197.325,loading,3,NVIDIA H100 80GB HBM3,70.5,31,0,81559,0,0,0.000000,0.000000,0.000005,0.000000,1415073,1310252,0,0,1,234450716396
1775011197.325,loading,4,NVIDIA H100 80GB HBM3,72.2,33,0,81559,0,0,0.000000,0.000000,0.000006,0.000000,686263,583593,0,0,1,229488087969
1775011197.325,loading,5,NVIDIA H100 80GB HBM3,73.2,31,0,81559,0,0,0.000000,0.000000,0.000005,0.000000,1320759,1215936,0,0,1,226001943922
1775011197.325,loading,6,NVIDIA H100 80GB HBM3,70.6,33,0,81559,0,0,0.000000,0.000000,0.000005,0.000000,723259,623679,0,0,1,226006577751
1775011197.325,loading,7,NVIDIA H100 80GB HBM3,70.5,30,0,81559,0,0,0.000000,0.000000,0.000005,0.000000,838576,738995,0,0,1,224916134041
1775011197.425,loading,0,NVIDIA H100 80GB HBM3,71.0,32,0,81559,0,0,0.000000,0.000000,0.000005,0.000000,681312,576495,0,0,1,237765280392
1775011197.425,loading,1,NVIDIA H100 80GB HBM3,72.4,30,0,81559,0,0,0.000000,0.000000,0.000005,0.000000,712751,613176,0,0,1,231191886987
1775011197.425,loading,2,NVIDIA H100 80GB HBM3,69.4,30,0,81559,0,0,0.000000,0.000000,0.000006,0.000000,681068,578367,0,0,1,230257338396
1775011197.425,loading,3,NVIDIA H100 80GB HBM3,70.5,31,0,81559,0,0,0.000000,0.000000,0.000005,0.000000,670856,571276,0,0,1,234450723433
1775011197.425,loading,4,NVIDIA H100 80GB HBM3,72.2,33,0,81559,0,0,0.000000,0.000000,0.000005,0.000000,697041,592223,0,0,1,229488095187
1775011197.425,loading,5,NVIDIA H100 80GB HBM3,73.2,31,0,81559,0,0,0.000000,0.000000,0.000005,0.000000,691814,592235,0,0,1,226001951258
1775011197.425,loading,6,NVIDIA H100 80GB HBM3,70.6,33,0,81559,0,0,0.000000,0.000000,0.000005,0.000000,691825,587003,0,0,1,226006584813
1775011197.425,loading,7,NVIDIA H100 80GB HBM3,70.5,30,0,81559,0,0,0.000000,0.000000,0.000005,0.000000,723261,623681,0,0,1,224916141084
1775011197.525,loading,0,NVIDIA H100 80GB HBM3,71.0,32,0,81559,0,0,0.000000,0.000000,0.000005,0.000000,801873,702294,0,0,1,237765287509
1775011197.525,loading,1,NVIDIA H100 80GB HBM3,72.4,30,0,81559,0,0,0.000000,0.000000,0.000005,0.000000,670848,571269,0,0,1,231191894230
1775011197.525,loading,2,NVIDIA H100 80GB HBM3,69.4,30,0,81559,0,0,0.000000,0.000000,0.000005,0.000000,1008454,903951,0,0,1,230257345331
1775011197.525,loading,3,NVIDIA H100 80GB HBM3,70.5,31,0,81559,0,0,0.000000,0.000000,0.000005,0.000000,707553,607972,0,0,1,234450730471
1775011197.525,loading,4,NVIDIA H100 80GB HBM3,72.2,33,0,81559,0,0,0.000000,0.000000,0.000005,0.000000,691887,592297,0,0,1,229488102405
1775011197.525,loading,5,NVIDIA H100 80GB HBM3,73.2,31,0,81559,0,0,0.000000,0.000000,0.000005,0.000000,686581,587000,0,0,1,226001958568
1775011197.525,loading,6,NVIDIA H100 80GB HBM3,70.6,33,0,81559,0,0,0.000000,0.000000,0.000005,0.000000,686576,586996,0,0,1,226006591863
1775011197.525,loading,7,NVIDIA H100 80GB HBM3,70.5,30,0,81559,0,0,0.000000,0.000000,0.000005,0.000000,702305,597483,0,0,1,224916148137
1775011197.625,loading,0,NVIDIA H100 80GB HBM3,71.0,32,0,81559,0,0,0.000000,0.000000,0.000006,0.000000,822831,718012,0,0,1,237765294619
1775011197.625,loading,1,NVIDIA H100 80GB HBM3,72.4,30,0,81559,0,0,0.000000,0.000000,0.000005,0.000000,801880,697059,0,0,1,231191901476
1775011197.625,loading,2,NVIDIA H100 80GB HBM3,69.4,30,0,81559,0,0,0.000000,0.000000,0.000005,0.000000,692740,593028,0,0,1,230257352261
1775011197.625,loading,3,NVIDIA H100 80GB HBM3,70.5,31,0,81559,0,0,0.000000,0.000000,0.000005,0.000000,796634,691813,0,0,1,234450737508
1775011197.625,loading,4,NVIDIA H100 80GB HBM3,72.2,33,0,81559,0,0,0.000000,0.000000,0.000005,0.000000,691765,592193,0,0,1,229488109632
1775011197.625,loading,5,NVIDIA H100 80GB HBM3,73.2,31,0,81559,0,0,0.000000,0.000000,0.000005,0.000000,765781,661593,0,0,1,226001965883
1775011197.625,loading,6,NVIDIA H100 80GB HBM3,70.6,33,0,81559,0,0,0.000000,0.000000,0.000005,0.000000,691813,592233,0,0,1,226006598916
1775011197.625,loading,7,NVIDIA H100 80GB HBM3,70.5,30,0,81559,0,0,0.000000,0.000000,0.000005,0.000000,691818,597479,0,0,1,224916155186
1775011197.725,loading,0,NVIDIA H100 80GB HBM3,71.0,32,0,81559,0,0,0.000000,0.000000,0.000005,0.000000,702301,602721,0,0,1,237765301689
1775011197.725,loading,1,NVIDIA H100 80GB HBM3,72.4,30,0,81559,0,0,0.000000,0.000000,0.000006,0.000000,686554,586977,0,0,1,231191908693
1775011197.725,loading,2,NVIDIA H100 80GB HBM3,69.4,30,0,81559,0,0,0.000000,0.000000,0.000005,0.000000,686580,587000,0,0,1,230257359188
1775011197.725,loading,3,NVIDIA H100 80GB HBM3,70.5,31,0,81559,0,0,0.000000,0.000000,0.000006,0.000000,686588,587006,0,0,1,234450744549
1775011197.725,loading,4,NVIDIA H100 80GB HBM3,72.2,33,0,81559,0,0,0.000000,0.000000,0.000005,0.000000,985300,885722,0,0,1,229488116843
1775011197.725,loading,5,NVIDIA H100 80GB HBM3,73.2,31,0,81559,0,0,0.000000,0.000000,0.000005,0.000000,676544,574808,0,0,1,226001973207
1775011197.725,loading,6,NVIDIA H100 80GB HBM3,70.6,33,0,81559,0,0,0.000000,0.000000,0.000005,0.000000,718021,613201,0,0,1,226006605966
1775011197.725,loading,7,NVIDIA H100 80GB HBM3,70.5,30,0,81559,0,0,0.000000,0.000000,0.000005,0.000000,807119,697057,0,0,1,224916162230
1775011197.825,loading,0,NVIDIA H100 80GB HBM3,71.0,32,0,81559,0,0,0.000000,0.000000,0.000005,0.000000,686566,586988,0,0,1,237765308775
1775011197.825,loading,1,NVIDIA H100 80GB HBM3,72.4,30,0,81559,0,0,0.000000,0.000000,0.000005,0.000000,681330,581751,0,0,1,231191915928
1775011197.825,loading,2,NVIDIA H100 80GB HBM3,69.4,30,0,81559,0,0,0.000000,0.000000,0.000005,0.000000,686573,586994,0,0,1,230257366114
1775011197.825,loading,3,NVIDIA H100 80GB HBM3,70.5,31,0,81559,0,0,0.000000,0.000000,0.000005,0.000000,681329,581750,0,0,1,234450751583
1775011197.825,loading,4,NVIDIA H100 80GB HBM3,72.2,33,0,81559,0,0,0.000000,0.000000,0.000005,0.000000,759935,655117,0,0,1,229488124066
1775011197.825,loading,5,NVIDIA H100 80GB HBM3,73.2,31,0,81559,0,0,0.000000,0.000000,0.000006,0.000000,694256,593176,0,0,1,226001980508
1775011197.825,loading,6,NVIDIA H100 80GB HBM3,70.6,33,0,81559,0,0,0.000000,0.000000,0.000005,0.000000,697060,597480,0,0,1,226006613024
1775011197.825,loading,7,NVIDIA H100 80GB HBM3,70.5,30,0,81559,0,0,0.000000,0.000000,0.000005,0.000000,807121,712782,0,0,1,224916169274
1775011197.925,loading,0,NVIDIA H100 80GB HBM3,71.0,32,0,81559,0,0,0.000000,0.000000,0.000005,0.000000,801884,697062,0,0,1,237765315899
1775011197.925,loading,1,NVIDIA H100 80GB HBM3,72.4,30,0,81559,0,0,0.000000,0.000000,0.000005,0.000000,686568,586989,0,0,1,231191923165
1775011197.925,loading,2,NVIDIA H100 80GB HBM3,69.4,30,0,81559,0,0,0.000000,0.000000,0.000006,0.000000,686585,587004,0,0,1,230257373057
1775011197.925,loading,3,NVIDIA H100 80GB HBM3,70.5,31,0,81559,0,0,0.000000,0.000000,0.000005,0.000000,686577,581756,0,0,1,234450758635
1775011197.925,loading,4,NVIDIA H100 80GB HBM3,72.3,33,0,81559,0,0,0.000000,0.000000,0.000005,0.000000,712788,613207,0,0,1,229488131291
1775011197.925,loading,5,NVIDIA H100 80GB HBM3,73.2,31,0,81559,0,0,0.000000,0.000000,0.000005,0.000000,691795,592218,0,0,1,226001987844
1775011197.925,loading,6,NVIDIA H100 80GB HBM3,70.6,33,0,81559,0,0,0.000000,0.000000,0.000005,0.000000,697056,592236,0,0,1,226006620087
1775011197.925,loading,7,NVIDIA H100 80GB HBM3,70.5,30,0,81559,0,0,0.000000,0.000000,0.000005,0.000000,697054,592234,0,0,1,224916176317
1775011198.025,loading,0,NVIDIA H100 80GB HBM3,71.0,32,0,81559,0,0,0.000000,0.000000,0.000005,0.000000,796648,697067,0,0,1,237765322983
1775011198.025,loading,1,NVIDIA H100 80GB HBM3,72.4,30,0,81559,0,0,0.000000,0.000000,0.000005,0.000000,649892,539829,0,0,1,231191930403
1775011198.025,loading,2,NVIDIA H100 80GB HBM3,69.4,30,0,81559,0,0,0.000000,0.000000,0.000005,0.000000,948632,843810,0,0,1,230257379987
1775011198.025,loading,3,NVIDIA H100 80GB HBM3,70.5,31,0,81559,0,0,0.000000,0.000000,0.000005,0.000000,686574,586995,0,0,1,234450765677
1775011198.025,loading,4,NVIDIA H100 80GB HBM3,72.3,33,0,81559,0,0,0.000000,0.000000,0.000006,0.000000,691814,586994,0,0,1,229488138510
1775011198.025,loading,5,NVIDIA H100 80GB HBM3,73.2,31,0,81559,0,0,0.000000,0.000000,0.000005,0.000000,985322,885741,0,0,1,226001987844
1775011198.025,loading,6,NVIDIA H100 80GB HBM3,70.6,33,0,81559,0,0,0.000000,0.000000,0.000005,0.000000,817470,717906,0,0,1,226006620087
1775011198.025,loading,7,NVIDIA H100 80GB HBM3,70.5,30,0,81559,0,0,0.000000,0.000000,0.000005,0.000000,697052,592232,0,0,1,224916176317
1775011198.125,loading,0,NVIDIA H100 80GB HBM3,71.0,32,0,81559,0,0,0.000000,0.000000,0.000005,0.000000,796651,639417,0,0,1,237765330051
1775011198.125,loading,1,NVIDIA H100 80GB HBM3,72.4,30,0,81559,0,0,0.000000,0.000000,0.000005,0.000000,948626,854287,0,0,1,231191937646
1775011198.125,loading,2,NVIDIA H100 80GB HBM3,69.4,30,0,81559,0,0,0.000000,0.000000,0.000005,0.000000,691825,529351,0,0,1,230257386926
1775011198.125,loading,3,NVIDIA H100 80GB HBM3,70.5,31,0,81559,0,0,0.000000,0.000000,0.000005,0.000000,938156,833334,0,0,1,234450772721
1775011198.125,loading,4,NVIDIA H100 80GB HBM3,72.3,33,0,81559,0,0,0.000000,0.000000,0.000005,0.000000,780872,681297,0,0,1,229488145730
1775011198.125,loading,5,NVIDIA H100 80GB HBM3,73.2,31,0,81559,0,0,0.000000,0.000000,0.000006,0.000000,718018,613197,0,0,1,226001995134
1775011198.125,loading,6,NVIDIA H100 80GB HBM3,70.6,33,0,81559,0,0,0.000000,0.000000,0.000006,0.000000,697057,597477,0,0,1,226006627137
1775011198.125,loading,7,NVIDIA H100 80GB HBM3,70.5,30,0,81559,0,0,0.000000,0.000000,0.000005,0.000000,691812,597474,0,0,1,224916183368
1775011198.226,loading,0,NVIDIA H100 80GB HBM3,71.0,32,0,81559,0,0,0.000000,0.000000,0.000005,0.000000,686561,586983,0,0,1,237765337157
1775011198.226,loading,1,NVIDIA H100 80GB HBM3,72.4,30,0,81559,0,0,0.000000,0.000000,0.000005,0.000000,775676,676096,0,0,1,231191944871
1775011198.226,loading,2,NVIDIA H100 80GB HBM3,69.4,30,0,81559,0,0,0.000000,0.000000,0.000005,0.000000,691810,592231,0,0,1,230257393848
1775011198.226,loading,3,NVIDIA H100 80GB HBM3,70.5,31,0,81559,0,0,0.000000,0.000000,0.000005,0.000000,686574,586995,0,0,1,234450779766
1775011198.226,loading,4,NVIDIA H100 80GB HBM3,72.3,33,0,81559,0,0,0.000000,0.000000,0.000005,0.000000,686590,587009,0,0,1,229488145730
1775011198.226,loading,5,NVIDIA H100 80GB HBM3,73.2,31,0,81559,0,0,0.000000,0.000000,0.000005,0.000000,697058,592237,0,0,1,226002002477
1775011198.226,loading,6,NVIDIA H100 80GB HBM3,70.6,33,0,81559,0,0,0.000000,0.000000,0.000005,0.000000,697057,592236,0,0,1,226006634193
1775011198.226,loading,7,NVIDIA H100 80GB HBM3,70.5,30,0,81559,0,0,0.000000,0.000000,0.000006,0.000000,697068,592246,0,0,1,224916190421
1775011198.326,loading,0,NVIDIA H100 80GB HBM3,71.0,32,0,81559,0,0,0.000000,0.000000,0.000005,0.000000,676084,571264,0,0,1,237765344275
1775011198.326,loading,1,NVIDIA H100 80GB HBM3,72.4,30,0,81559,0,0,0.000000,0.000000,0.000005,0.000000,702309,597487,0,0,1,231191952112
1775011198.326,loading,2,NVIDIA H100 80GB HBM3,69.4,30,0,81559,0,0,0.000000,0.000000,0.000005,0.000000,697080,597497,0,0,1,230257407700
1775011198.326,loading,3,NVIDIA H100 80GB HBM3,70.5,31,0,81559,0,0,0.000000,0.000000,0.000005,0.000000,686460,581657,0,0,1,234450786811
1775011198.326,loading,4,NVIDIA H100 80GB HBM3,72.3,33,0,81559,0,0,0.000000,0.000000,0.000005,0.000000,838584,733761,0,0,1,229488160167
1775011198.326,loading,5,NVIDIA H100 80GB HBM3,73.3,31,0,81559,0,0,0.000000,0.000000,0.000005,0.000000,1116382,1027281,0,0,1,226002009778
1775011198.326,loading,6,NVIDIA H100 80GB HBM3,70.6,33,0,81559,0,0,0.000000,0.000000,0.000005,0.000000,691823,592242,0,0,1,226006641247
1775011198.326,loading,7,NVIDIA H100 80GB HBM3,70.5,30,0,81559,0,0,0.000000,0.000000,0.000005,0.000000,985331,896232,0,0,1,224916197477
1775011198.426,loading,0,NVIDIA H100 80GB HBM3,71.0,32,0,81559,0,0,0.000000,0.000000,0.000005,0.000000,2667767,2526255,0,0,1,237765351346
1775011198.426,loading,1,NVIDIA H100 80GB HBM3,72.4,30,0,81559,0,0,0.000000,0.000000,0.000005,0.000000,681337,586998,0,0,1,231191959349
1775011198.426,loading,2,NVIDIA H100 80GB HBM3,69.4,30,0,81559,0,0,0.000000,0.000000,0.000005,0.000000,2169729,2054429,0,0,1,230257414635
1775011198.426,loading,3,NVIDIA H100 80GB HBM3,70.5,31,0,81559,0,0,0.000000,0.000000,0.000005,0.000000,833348,744248,0,0,1,234450800888
1775011198.426,loading,4,NVIDIA H100 80GB HBM3,72.3,33,0,81559,0,0,0.000000,0.000000,0.000005,0.000000,2227506,2148888,0,0,1,229488174601
1775011198.426,loading,5,NVIDIA H100 80GB HBM3,73.2,31,0,81559,0,0,0.000000,0.000000,0.000005,0.000000,1933998,1860622,0,0,1,226002031739
1775011198.426,loading,6,NVIDIA H100 80GB HBM3,70.6,33,0,81559,0,0,0.000000,0.000000,0.000005,0.000000,1390588,1309710,0,0,1,226006662422
1775011198.426,loading,7,NVIDIA H100 80GB HBM3,70.5,30,0,81559,0,0,0.000000,0.000000,0.000005,0.000000,1761026,1708614,0,0,1,224916218610
1775011198.526,loading,0,NVIDIA H100 80GB HBM3,71.0,32,0,81559,0,0,0.000000,0.000000,0.000005,0.000000,2667767,2526255,0,0,1,237765358431
1775011198.526,loading,1,NVIDIA H100 80GB HBM3,72.4,30,0,81559,0,0,0.000000,0.000000,0.000005,0.000000,681337,586998,0,0,1,231191966574
1775011198.526,loading,2,NVIDIA H100 80GB HBM3,69.4,30,0,81559,0,0,0.000000,0.000000,0.000005,0.000000,2169729,2054429,0,0,1,230257414635
1775011198.526,loading,3,NVIDIA H100 80GB HBM3,70.5,31,0,81559,0,0,0.000000,0.000000,0.000005,0.000000,833348,744248,0,0,1,234450800888
1775011198.526,loading,4,NVIDIA H100 80GB HBM3,72.3,33,0,81559,0,0,0.000000,0.000000,0.000005,0.000000,2227506,2148888,0,0,1,229488174601
1775011198.526,loading,5,NVIDIA H100 80GB HBM3,73.2,31,0,81559,0,0,0.000000,0.000000,0.000005,0.000000,1933998,1860622,0,0,1,226002031739
1775011198.526,loading,6,NVIDIA H100 80GB HBM3,70.6,33,0,81559,0,0,0.000000,0.000000,0.000005,0.000000,1390588,1309710,0,0,1,226006662422
1775011198.526,loading,7,NVIDIA H100 80GB HBM3,70.5,30,0,81559,0,0,0.000000,0.000000,0.000005,0.000000,1761026,1708614,0,0,1,224916218610
1775011198.626,loading,0,NVIDIA H100 80GB HBM3,71.0,32,0,81559,0,0,0.000000,0.000000,0.000005,0.000000,6786077,6830601,0,0,1,237765372665
1775011198.626,loading,1,NVIDIA H100 80GB HBM3,72.4,30,0,81559,0,0,0.000000,0.000000,0.000005,0.000000,2517558,2415389,0,0,1,231191973813
1775011198.626,loading,2,NVIDIA H100 80GB HBM3,69.4,30,0,81559,0,0,0.000000,0.000000,0.000005,0.000000,1800292,1784569,0,0,1,230257421570
1775011198.626,loading,3,NVIDIA H100 80GB HBM3,70.5,31,0,81559,0,0,0.000000,0.000000,0.000005,0.000000,1176635,901461,0,0,1,234450807930
1775011198.626,loading,4,NVIDIA H100 80GB HBM3,72.2,33,0,81559,0,0,0.000000,0.000000,0.000005,0.000000,141508,707534,0,0,1,229488181817
1775011198.626,loading,5,NVIDIA H100 80GB HBM3,73.3,31,0,81559,0,0,0.000000,0.000000,0.000005,0.000000,136264,188674,0,0,1,226002039060
1775011198.626,loading,6,NVIDIA H100 80GB HBM3,70.6,33,0,81559,0,0,0.000000,0.000000,0.000005,0.000000,136265,167711,0,0,1,226006669487
1775011198.626,loading,7,NVIDIA H100 80GB HBM3,70.5,30,0,81559,0,0,0.000000,0.000000,0.000005,0.000000,765162,775644,0,0,1,224916225644
1775011198.726,loading,0,NVIDIA H100 80GB HBM3,71.0,32,0,81559,0,0,0.000000,0.000000,0.000006,0.000000,4046070,4124685,0,0,1,237765379733
1775011198.726,loading,1,NVIDIA H100 80GB HBM3,72.4,30,0,81559,0,0,0.000000,0.000000,0.000005,0.000000,8328447,5894577,0,0,1,231191973813
1775011198.726,loading,2,NVIDIA H100 80GB HBM3,69.4,30,0,81559,0,0,0.000000,0.000000,0.000005,0.000000,9214232,5349911,0,0,1,230257435427
1775011198.726,loading,3,NVIDIA H100 80GB HBM3,70.5,31,0,81559,0,0,0.000000,0.000000,0.000006,0.000000,3920400,3967571,0,0,1,234450814971
1775011198.726,loading,4,NVIDIA H100 80GB HBM3,72.3,33,0,81559,0,0,0.000000,0.000000,0.000005,0.000000,2376820,2303445,0,0,1,229488189032
1775011198.726,loading,5,NVIDIA H100 80GB HBM3,73.2,31,0,81559,0,0,0.000000,0.000000,0.000005,0.000000,697027,712749,0,0,1,226002046366
1775011198.726,loading,6,NVIDIA H100 80GB HBM3,70.6,33,0,81559,0,0,0.000000,0.000000,0.000005,0.000000,901518,901518,0,0,1,226006676544
1775011198.726,loading,7,NVIDIA H100 80GB HBM3,70.5,30,0,81559,0,0,0.000000,0.000000,0.000005,0.000000,702290,712772,0,0,1,224916232694
1775011198.826,loading,0,NVIDIA H100 80GB HBM3,71.0,32,0,81559,0,0,0.000000,0.000000,0.000005,0.000000,167711,256808,0,0,1,237765379733
1775011198.826,loading,1,NVIDIA H100 80GB HBM3,72.4,30,0,81559,0,0,0.000000,0.000000,0.000005,0.000000,8328447,8548582,0,0,1,231191988290
1775011198.826,loading,2,NVIDIA H100 80GB HBM3,69.4,30,0,81559,0,0,0.000000,0.000000,0.000005,0.000000,9214232,9402919,0,0,1,230257442356
1775011198.826,loading,3,NVIDIA H100 80GB HBM3,70.5,31,0,81559,0,0,0.000000,0.000000,0.000006,0.000000,3920400,8223545,0,0,1,234450822010
1775011198.826,loading,4,NVIDIA H100 80GB HBM3,72.3,33,0,81559,0,0,0.000000,0.000000,0.000005,0.000000,2376820,2303445,0,0,1,229488189032
1775011198.826,loading,5,NVIDIA H100 80GB HBM3,73.2,31,0,81559,0,0,0.000000,0.000000,0.000005,0.000000,697027,712749,0,0,1,226002046366
1775011198.826,loading,6,NVIDIA H100 80GB HBM3,70.6,33,0,81559,0,0,0.000000,0.000000,0.000005,0.000000,901518,901518,0,0,1,226006676544
1775011198.826,loading,7,NVIDIA H100 80GB HBM3,70.5,30,0,81559,0,0,0.000000,0.000000,0.000005,0.000000,702290,712772,0,0,1,224916232694
1775011198.926,loading,0,NVIDIA H100 80GB HBM3,71.0,32,0,81559,0,0,0.000000,0.000000,0.000005,0.000000,1446509,1415063,0,0,1,237765386839
1775011198.926,loading,1,NVIDIA H100 80GB HBM3,72.4,30,0,81559,0,0,0.000000,0.000000,0.000006,0.000000,141509,172956,0,0,1,231191995515
1775011198.926,loading,2,NVIDIA H100 80GB HBM3,69.4,30,0,81559,0,0,0.000000,0.000000,0.000005,0.000000,324947,566037,0,0,1,230257442356
1775011198.926,loading,3,NVIDIA H100 80GB HBM3,70.5,31,0,81559,0,0,0.000000,0.000000,0.000005,0.000000,8490679,8223545,0,0,1,234450822010
1775011198.926,loading,4,NVIDIA H100 80GB HBM3,72.2,33,0,81559,0,0,0.000000,0.000000,0.000005,0.000000,8841578,8804978,0,0,1,229488196247
1775011198.926,loading,5,NVIDIA H100 80GB HBM3,73.2,31,0,81559,0,0,0.000000,0.000000,0.000005,0.000000,1132113,1084942,0,0,1,226002053700
1775011198.926,loading,6,NVIDIA H100 80GB HBM3,70.6,33,0,81559,0,0,0.000000,0.000000,0.000005,0.000000,691832,670867,0,0,1,226006690659
1775011198.926,loading,7,NVIDIA H100 80GB HBM3,70.5,30,0,81559,0,0,0.000000,0.000000,0.000005,0.000000,419296,416675,0,0,1,224916246803
1775011199.026,loading,0,NVIDIA H100 80GB HBM3,71.0,32,0,81559,0,0,0.000000,0.000000,0.000005,0.000000,728556,744280,0,0,1,237765393962
1775011199.026,loading,1,NVIDIA H100 80GB HBM3,72.4,30,0,81559,0,0,0.000000,0.000000,0.000005,0.000000,728489,723248,0,0,1,231192002748
1775011199.026,loading,2,NVIDIA H100 80GB HBM3,69.4,30,0,81559,0,0,0.000000,0.000000,0.000006,0.000000,1456995,1257837,0,0,1,230257456214
1775011199.026,loading,3,NVIDIA H100 80GB HBM3,70.5,31,0,81559,0,0,0.000000,0.000000,0.000005,0.000000,3370555,901422,0,0,1,234450829051
1775011199.026,loading,4,NVIDIA H100 80GB HBM3,72.2,33,0,81559,0,0,0.000000,0.000000,0.000005,0.000000,2939727,3265197,0,0,1,229488210686
1775011199.026,loading,5,NVIDIA H100 80GB HBM3,73.3,31,0,81559,0,0,0.000000,0.000000,0.000005,0.000000,8102635,8207118,0,0,1,226002068329
1775011199.026,loading,6,NVIDIA H100 80GB HBM3,70.6,33,0,81559,0,0,0.000000,0.000000,0.000005,0.000000,136261,157224,0,0,1,226006697713
1775011199.026,loading,7,NVIDIA H100 80GB HBM3,70.6,30,0,81559,0,0,0.000000,0.000000,,0.000000,0,0,0,0,1,224916253854
1775011199.126,loading,0,NVIDIA H100 80GB HBM3,71.0,32,0,81559,0,0,0.000000,0.000000,0.000006,0.000000,2751580,1734724,0,0,1,237765464913
1775011199.126,loading,1,NVIDIA H100 80GB HBM3,72.4,30,0,81559,0,0,0.000000,0.000000,0.000006,0.000000,1873760,1850074,0,0,1,231192067869
1775011199.126,loading,2,NVIDIA H100 80GB HBM3,69.3,30,0,81559,0,0,0.000000,0.000000,0.000007,0.000000,1661395,1593262,0,0,1,230257518562
1775011199.126,loading,3,NVIDIA H100 80GB HBM3,70.5,31,0,81559,0,0,0.000000,0.000000,0.000005,0.000000,1616827,1115708,0,0,1,234450899478
1775011199.126,loading,4,NVIDIA H100 80GB HBM3,72.3,33,3,81559,0,0,0.000000,0.000000,0.000005,0.000000,3401417,5429325,0,0,1,229488275699
1775011199.126,loading,5,NVIDIA H100 80GB HBM3,73.2,31,0,81559,0,0,0.000000,0.000000,0.000005,0.000000,10848141,4596172,0,0,1,226002134161
1775011199.126,loading,6,NVIDIA H100 80GB HBM3,70.6,33,0,81559,0,0,0.000000,0.000000,0.000005,0.000000,0,0,0,0,1,226006761220
1775011199.126,loading,7,NVIDIA H100 80GB HBM3,70.5,30,0,81559,0,0,0.000000,0.000000,0.000005,0.000000,1069192,1045607,0,0,1,224916324320
1775011200.132,loading,0,NVIDIA H100 80GB HBM3,71.1,32,0,81559,0,0,0.000000,0.000000,0.000005,0.000000,1420385,1174045,0,0,1,237765479093
1775011200.132,loading,1,NVIDIA H100 80GB HBM3,72.4,30,0,81559,0,0,0.000000,0.000000,0.000006,0.000000,1918207,1850074,0,0,1,231192082358
1775011200.132,loading,2,NVIDIA H100 80GB HBM3,69.3,30,0,81559,0,0,0.000000,0.000000,0.000007,0.000000,1661395,1593262,0,0,1,230257532397
1775011200.132,loading,3,NVIDIA H100 80GB HBM3,70.5,31,0,81559,0,0,0.000000,0.000000,0.000005,0.000000,1616827,1540834,0,0,1,234450913573
1775011200.132,loading,4,NVIDIA H100 80GB HBM3,72.3,33,3,81559,0,0,0.000000,0.000000,0.000005,0.000000,3401417,3401417,0,0,1,229488290140
1775011200.132,loading,5,NVIDIA H100 80GB HBM3,73.2,31,0,81559,0,0,0.000000,0.000000,0.000005,0.000000,10848141,4596172,0,0,1,226002148798
1775011200.132,loading,6,NVIDIA H100 80GB HBM3,70.6,33,0,81559,0,0,0.000000,0.000000,,0.000000,0,0,0,0,1,226006775334
1775011200.132,loading,7,NVIDIA H100 80GB HBM3,70.5,30,0,81559,0,0,0.000000,0.000000,0.000005,0.000000,1069192,1045607,0,0,1,224916331370
1775011200.232,loading,0,NVIDIA H100 80GB HBM3,71.0,32,0,81559,0,0,0.000000,0.000000,0.000005,0.000000,1158271,1090137,0,0,1,237765486185
1775011200.232,loading,1,NVIDIA H100 80GB HBM3,72.5,30,0,81559,0,0,0.000000,0.000000,0.000005,0.000000,469082,408809,0,0,1,231192096829
1775011200.232,loading,2,NVIDIA H100 80GB HBM3,69.3,30,0,81559,0,0,0.000000,0.000000,0.000005,0.000000,141508,78615,0,0,1,230257539332
1775011200.232,loading,3,NVIDIA H100 80GB HBM3,70.5,31,0,81559,0,0,0.000000,0.000000,0.000006,0.000000,820228,741611,0,0,1,234450927665
1775011200.232,loading,4,NVIDIA H100 80GB HBM3,72.3,33,3,81559,0,0,0.000000,0.000000,0.000005,0.000000,822845,738988,0,0,1,229488304574
1775011200.232,loading,5,NVIDIA H100 80GB HBM3,73.2,31,3,81559,0,0,0.000000,0.000000,0.000005,0.000000,9042162,9900827,0,0,1,226002163423
1775011200.232,loading,6,NVIDIA H100 80GB HBM3,70.6,33,0,81559,0,0,0.000000,0.000000,0.000006,0.000000,476939,419287,0,0,1,226006789460
1775011200.232,loading,7,NVIDIA H100 80GB HBM3,70.6,30,0,81559,0,0,0.000000,0.000000,0.000005,0.000000,833274,759904,0,0,1,224916345470
1775011200.332,loading,0,NVIDIA H100 80GB HBM3,71.1,32,0,81559,0,0,0.000000,0.000000,0.000005,0.000000,697023,697023,0,0,1,237765500400
1775011200.332,loading,1,NVIDIA H100 80GB HBM3,72.5,30,0,81559,0,0,0.000000,0.000000,0.000005,0.000000,136259,141500,0,0,1,231192104075
1775011200.332,loading,2,NVIDIA H100 80GB HBM3,69.3,30,0,81559,0,0,0.000000,0.000000,0.000005,0.000000,1069182,1029874,0,0,1,230257553195
1775011200.332,loading,3,NVIDIA H100 80GB HBM3,70.5,31,0,81559,0,0,0.000000,0.000000,0.000005,0.000000,136265,220121,0,0,1,234450934710
1775011200.332,loading,4,NVIDIA H100 80GB HBM3,72.3,33,3,81559,0,0,0.000000,0.000000,,0.000000,0,0,0,0,1,229488311794
1775011200.332,loading,5,NVIDIA H100 80GB HBM3,73.2,31,3,81559,0,0,0.000000,0.000000,0.000006,0.000000,5385364,5291022,0,0,1,226002170737
1775011200.332,loading,6,NVIDIA H100 80GB HBM3,70.6,33,0,81559,0,0,0.000000,0.000000,0.000006,0.000000,16530089,5915164,0,0,1,226006796530
1775011200.332,loading,7,NVIDIA H100 80GB HBM3,70.5,30,0,81559,0,0,0.000000,0.000000,0.000006,0.000000,479566,450739,0,0,1,224916352514
1775011200.475,loading,0,NVIDIA H100 80GB HBM3,71.1,32,0,81559,0,0,0.000000,0.000000,0.000005,0.000000,697023,697023,0,0,1,237765500400
1775011200.475,loading,1,NVIDIA H100 80GB HBM3,72.5,30,0,81559,0,0,0.000000,0.000000,0.000005,0.000000,136259,141500,0,0,1,231192104075
1775011200.475,loading,2,NVIDIA H100 80GB HBM3,69.3,30,0,81559,0,0,0.000000,0.000000,0.000005,0.000000,1069182,1029874,0,0,1,230257553195
1775011200.475,loading,3,NVIDIA H100 80GB HBM3,70.5,31,0,81559,0,0,0.000000,0.000000,0.000005,0.000000,136265,220121,0,0,1,234450934710
1775011200.475,loading,4,NVIDIA H100 80GB HBM3,72.3,33,3,81559,0,0,0.000000,0.000000,,0.000000,0,0,0,0,1,229488311794
1775011200.475,loading,5,NVIDIA H100 80GB HBM3,73.2,31,3,81559,0,0,0.000000,0.000000,0.000006,0.000000,5385364,5291022,0,0,1,226002170737
1775011200.475,loading,6,NVIDIA H100 80GB HBM3,70.6,33,0,81559,0,0,0.000000,0.000000,0.000006,0.000000,16530089,5915164,0,0,1,226006796530
1775011200.475,loading,7,NVIDIA H100 80GB HBM3,70.5,30,0,81559,0,0,0.000000,0.000000,0.000006,0.000000,479566,450739,0,0,1,224916352514
1775011200.575,loading,0,NVIDIA H100 80GB HBM3,71.1,32,0,81559,0,0,0.000000,0.000000,0.000005,0.000000,558167,505756,0,0,1,237765521706
1775011200.575,loading,1,NVIDIA H100 80GB HBM3,72.4,30,0,81559,0,0,0.000000,0.000000,0.000005,0.000000,411424,403562,0,0,1,231192133000
1775011200.575,loading,2,NVIDIA H100 80GB HBM3,69.3,30,0,81559,0,0,0.000000,0.000000,0.000005,0.000000,702271,707512,0,0,1,230257573959
1775011200.575,loading,3,NVIDIA H100 80GB HBM3,70.5,31,0,81559,0,0,0.000000,0.000000,0.000005,0.000000,414049,398326,0,0,1,234450962867
1775011200.575,loading,4,NVIDIA H100 80GB HBM3,72.3,33,3,81559,0,0,0.000000,0.000000,0.000005,0.000000,2269382,2177663,0,0,1,229488340677
1775011200.575,loading,5,NVIDIA H100 80GB HBM3,73.2,31,3,81559,0,0,0.000000,0.000000,0.000005,0.000000,2735780,2602136,0,0,1,226002199991
1775011200.575,loading,6,NVIDIA H100 80GB HBM3,70.7,33,3,81559,0,0,0.000000,0.000000,0.000005,0.000000,8489733,8786008,0,0,1,226006824780
1775011200.575,loading,7,NVIDIA H100 80GB HBM3,70.5,30,0,81559,0,0,0.000000,0.000000,0.000003,0.000000,14745287,4021172,0,0,1,224916380712
1775011200.819,loading,0,NVIDIA H100 80GB HBM3,71.1,32,0,81559,0,0,0.000000,0.000000,0.000005,0.000000,558167,505756,0,0,1,237765521706
1775011200.819,loading,1,NVIDIA H100 80GB HBM3,72.4,30,0,81559,0,0,0.000000,0.000000,0.000005,0.000000,411424,403562,0,0,1,231192133000
1775011200.819,loading,2,NVIDIA H100 80GB HBM3,69.3,30,0,81559,0,0,0.000000,0.000000,0.000005,0.000000,702271,707512,0,0,1,230257573959
1775011200.819,loading,3,NVIDIA H100 80GB HBM3,70.5,31,0,81559,0,0,0.000000,0.000000,0.000005,0.000000,414049,398326,0,0,1,234450962867
1775011200.819,loading,4,NVIDIA H100 80GB HBM3,72.3,33,3,81559,0,0,0.000000,0.000000,0.000005,0.000000,2269382,2177663,0,0,1,229488340677
1775011200.819,loading,5,NVIDIA H100 80GB HBM3,73.2,31,3,81559,0,0,0.000000,0.000000,0.000005,0.000000,2735780,2602136,0,0,1,226002199991
1775011200.819,loading,6,NVIDIA H100 80GB HBM3,70.7,33,3,81559,0,0,0.000000,0.000000,0.000005,0.000000,8489733,8786008,0,0,1,226006824780
1775011200.819,loading,7,NVIDIA H100 80GB HBM3,70.5,30,0,81559,0,0,0.000000,0.000000,0.000003,0.000000,14745287,4021172,0,0,1,224916380712
1775011200.919,loading,0,NVIDIA H100 80GB HBM3,71.0,32,0,81559,0,0,0.000000,0.000000,0.000006,0.000000,694447,644657,0,0,1,237765535864
1775011200.919,loading,1,NVIDIA H100 80GB HBM3,72.4,30,0,81559,0,0,0.000000,0.000000,0.000005,0.000000,471689,398315,0,0,1,231192147450
1775011200.919,loading,2,NVIDIA H100 80GB HBM3,69.3,30,0,81559,0,0,0.000000,0.000000,0.000005,0.000000,484800,0,0,0,1,230257587817
1775011200.919,loading,3,NVIDIA H100 80GB HBM3,70.5,31,0,81559,0,0,0.000000,0.000000,0.000005,0.000000,141505,733763,0,0,1,234450976950
1775011200.919,loading,4,NVIDIA H100 80GB HBM3,72.2,33,3,81559,0,0,0.000000,0.000000,0.000005,0.000000,3118416,2971667,0,0,1,229488355086
1775011200.919,loading,5,NVIDIA H100 80GB HBM3,73.2,31,3,81559,0,0,0.000000,0.000000,0.000005,0.000000,4433917,4334337,0,0,1,226002214614
1775011200.919,loading,6,NVIDIA H100 80GB HBM3,70.7,33,3,81559,0,0,0.000000,0.000000,0.000005,0.000000,4155055,4004509,0,0,1,226006838906
1775011200.919,loading,7,NVIDIA H100 80GB HBM3,70.6,30,3,81559,0,0,0.000000,0.000000,0.000005,0.000000,10309231,9858497,0,0,1,224916394815
1775011201.104,loading,0,NVIDIA H100 80GB HBM3,71.0,32,0,81559,0,0,0.000000,0.000000,,0.000000,0,0,0,0,1,237765542990
1775011201.104,loading,1,NVIDIA H100 80GB HBM3,72.4,30,0,81559,0,0,0.000000,0.000000,0.000006,0.000000,471689,78431,0,0,1,231192147450
1775011201.104,loading,2,NVIDIA H100 80GB HBM3,69.3,30,0,81559,0,0,0.000000,0.000000,0.000005,0.000000,484800,492662,0,0,1,230257587817
1775011201.104,loading,3,NVIDIA H100 80GB HBM3,70.5,31,0,81559,0,0,0.000000,0.000000,0.000005,0.000000,141505,733763,0,0,1,234450976950
1775011201.104,loading,4,NVIDIA H100 80GB HBM3,72.2,33,3,81559,0,0,0.000000,0.000000,0.000005,0.000000,3118416,2971667,0,0,1,229488355086
1775011201.104,loading,5,NVIDIA H100 80GB HBM3,73.2,31,3,81559,0,0,0.000000,0.000000,0.000005,0.000000,4433917,4334337,0,0,1,226002214614
1775011201.104,loading,6,NVIDIA H100 80GB HBM3,70.7,33,3,81559,0,0,0.000000,0.000000,0.000005,0.000000,4155055,4004509,0,0,1,226006838906
1775011201.104,loading,7,NVIDIA H100 80GB HBM3,70.6,30,3,81559,0,0,0.000000,0.000000,0.000005,0.000000,10309231,9858497,0,0,1,224916394815
1775011201.204,loading,0,NVIDIA H100 80GB HBM3,71.0,32,0,81559,0,0,0.000000,0.000000,0.000005,0.000000,3453958,3191897,0,0,1,237765557154
1775011201.204,loading,1,NVIDIA H100 80GB HBM3,72.4,30,0,81559,0,0,0.000000,0.000000,0.000005,0.000000,1999575,1944540,0,0,1,231192169169
1775011201.204,loading,2,NVIDIA H100 80GB HBM3,69.3,30,0,81559,0,0,0.000000,0.000000,0.000005,0.000000,2694036,2521073,0,0,1,230257608592
1775011201.204,loading,3,NVIDIA H100 80GB HBM3,70.5,31,0,81559,0,0,0.000000,0.000000,0.000005,0.000000,1664070,1588073,0,0,1,234450998078
1775011201.204,loading,4,NVIDIA H100 80GB HBM3,72.2,33,3,81559,0,0,0.000000,0.000000,0.000005,0.000000,2403054,2021321,0,0,1,229488376697
1775011201.204,loading,5,NVIDIA H100 80GB HBM3,73.2,31,3,81559,0,0,0.000000,0.000000,0.000005,0.000000,2158790,2043794,0,0,1,226002236561
1775011201.204,loading,6,NVIDIA H100 80GB HBM3,70.7,33,3,81559,0,0,0.000000,0.000000,0.000005,0.000000,2911709,2801537,0,0,1,226006860080
1775011201.204,loading,7,NVIDIA H100 80GB HBM3,70.5,30,3,81559,0,0,0.000000,0.000000,0.000005,0.000000,3018906,2924565,0,0,1,224916415943
1775011201.343,loading,0,NVIDIA H100 80GB HBM3,71.0,32,0,81559,0,0,0.000000,0.000000,0.000005,0.000000,3453958,3191897,0,0,1,237765557154
1775011201.343,loading,1,NVIDIA H100 80GB HBM3,72.4,30,0,81559,0,0,0.000000,0.000000,0.000005,0.000000,1999575,1944540,0,0,1,231192169169
1775011201.343,loading,2,NVIDIA H100 80GB HBM3,69.3,30,0,81559,0,0,0.000000,0.000000,0.000005,0.000000,2694036,2521073,0,0,1,230257608592
1775011201.343,loading,3,NVIDIA H100 80GB HBM3,70.5,31,0,81559,0,0,0.000000,0.000000,0.000005,0.000000,1664070,1588073,0,0,1,234450998078
1775011201.343,loading,4,NVIDIA H100 80GB HBM3,72.2,33,3,81559,0,0,0.000000,0.000000,0.000005,0.000000,2403054,2021321,0,0,1,229488376697
1775011201.343,loading,5,NVIDIA H100 80GB HBM3,73.2,31,3,81559,0,0,0.000000,0.000000,0.000005,0.000000,2158790,2043794,0,0,1,226002236561
1775011201.343,loading,6,NVIDIA H100 80GB HBM3,70.7,33,3,81559,0,0,0.000000,0.000000,0.000005,0.000000,2911709,2801537,0,0,1,226006860080
1775011201.343,loading,7,NVIDIA H100 80GB HBM3,70.5,30,3,81559,0,0,0.000000,0.000000,0.000005,0.000000,3018906,2924565,0,0,1,224916415943
1775011201.443,loading,0,NVIDIA H100 80GB HBM3,71.0,32,0,81559,0,0,0.000000,0.000000,0.000005,0.000000,141499,110055,0,0,1,237765585537
1775011201.443,loading,1,NVIDIA H100 80GB HBM3,72.4,30,0,81559,0,0,0.000000,0.000000,0.000005,0.000000,681322,151990,0,0,1,231192198121
1775011201.443,loading,2,NVIDIA H100 80GB HBM3,69.3,30,0,81559,0,0,0.000000,0.000000,0.000005,0.000000,141508,571285,0,0,1,230257636296
1775011201.443,loading,3,NVIDIA H100 80GB HBM3,70.5,31,0,81559,0,0,0.000000,0.000000,0.000005,0.000000,728505,733746,0,0,1,234451026240
1775011201.443,loading,4,NVIDIA H100 80GB HBM3,72.1,33,3,81559,0,0,0.000000,0.000000,0.000005,0.000000,1215893,340659,0,0,1,229488405494
1775011201.443,loading,5,NVIDIA H100 80GB HBM3,74.8,31,21,81559,0,0,0.000000,0.000000,0.000006,0.000000,2005034,2248783,0,0,0,226002271410
1775011201.443,loading,6,NVIDIA H100 80GB HBM3,83.1,34,22,81559,0,0,0.000000,0.000000,0.000011,0.000000,2545157,4151935,0,0,0,226006897809
1775011201.443,loading,7,NVIDIA H100 80GB HBM3,88.5,31,22,81559,0,0,0.000000,0.000000,0.000006,0.000000,3284991,5950767,0,0,0,224916457896
1775011201.776,loading,0,NVIDIA H100 80GB HBM3,71.0,32,0,81559,0,0,0.000000,0.000000,0.000005,0.000000,948691,1037795,0,0,1,237765592651
1775011201.776,loading,1,NVIDIA H100 80GB HBM3,72.4,30,0,81559,0,0,0.000000,0.000000,0.000005,0.000000,681322,697044,0,0,1,231192205357
1775011201.776,loading,2,NVIDIA H100 80GB HBM3,69.3,30,0,81559,0,0,0.000000,0.000000,0.000005,0.000000,141508,267294,0,0,1,230257643233
1775011201.776,loading,3,NVIDIA H100 80GB HBM3,70.5,31,0,81559,0,0,0.000000,0.000000,0.000005,0.000000,728505,733746,0,0,1,234451026240
1775011201.776,loading,4,NVIDIA H100 80GB HBM3,72.1,33,3,81559,0,0,0.000000,0.000000,0.000005,0.000000,136263,340659,0,0,1,229488405494
1775011201.776,loading,5,NVIDIA H100 80GB HBM3,80.0,31,22,81559,0,0,0.000000,0.000000,0.000006,0.000000,1750813,4728244,0,0,0,226002271410
1775011201.776,loading,6,NVIDIA H100 80GB HBM3,83.1,34,22,81559,0,0,0.000000,0.000000,0.000011,0.000000,5413433,5876698,0,0,0,226006897809
1775011201.776,loading,7,NVIDIA H100 80GB HBM3,88.5,31,22,81559,0,0,0.000000,0.000000,0.000006,0.000000,4188386,4875093,0,0,0,224916457896
1775011201.876,loading,0,NVIDIA H100 80GB HBM3,71.0,32,0,81559,0,0,0.000000,0.000000,0.000005,0.000000,707520,875228,0,0,1,237765592651
1775011201.876,loading,1,NVIDIA H100 80GB HBM3,72.4,30,0,81559,0,0,0.000000,0.000000,0.000005,0.000000,403556,571268,0,0,1,231192205357
1775011201.876,loading,2,NVIDIA H100 80GB HBM3,69.3,30,0,81559,0,0,0.000000,0.000000,0.000005,0.000000,1053427,1210655,0,0,1,230257643233
1775011201.876,loading,3,NVIDIA H100 80GB HBM3,70.5,31,0,81559,0,0,0.000000,0.000000,0.000005,0.000000,398307,613183,0,0,1,234451033268
1775011201.876,loading,4,NVIDIA H100 80GB HBM3,72.1,33,3,81559,0,0,0.000000,0.000000,0.000005,0.000000,1074415,1284057,0,0,1,229488412700
1775011201.876,loading,5,NVIDIA H100 80GB HBM3,85.4,32,22,81559,0,0,0.000000,0.000000,0.000006,0.000000,8765278,9326422,0,0,0,226002283984
1775011201.876,loading,6,NVIDIA H100 80GB HBM3,87.9,34,22,81559,0,0,0.000000,0.000000,0.000006,0.000000,7046942,7446024,0,0,0,226006909805
1775011201.876,loading,7,NVIDIA H100 80GB HBM3,93.0,31,22,81559,0,0,0.000000,0.000000,0.000011,0.000000,5939170,6264173,0,0,0,224916469975
1775011201.976,loading,0,NVIDIA H100 80GB HBM3,71.0,32,0,81559,0,0,0.000000,0.000000,0.000005,0.000000,943399,1215937,0,0,1,237765599742
1775011201.976,loading,1,NVIDIA H100 80GB HBM3,72.4,30,0,81559,0,0,0.000000,0.000000,0.000005,0.000000,681343,890987,0,0,1,231192212584
1775011201.976,loading,2,NVIDIA H100 80GB HBM3,69.3,30,0,81559,0,0,0.000000,0.000000,0.000005,0.000000,807113,1079645,0,0,1,230257650166
1775011201.976,loading,3,NVIDIA H100 80GB HBM3,70.5,31,0,81559,0,0,0.000000,0.000000,0.000005,0.000000,770436,1001043,0,0,1,234451040296
1775011201.976,loading,4,NVIDIA H100 80GB HBM3,72.1,33,3,81559,0,0,0.000000,0.000000,0.000006,0.000000,859488,1677051,0,0,1,229488419898
1775011201.976,loading,5,NVIDIA H100 80GB HBM3,90.2,32,40,81559,1,0,0.000000,0.000000,0.000011,0.000000,7673324,8632490,0,0,0,226002296534
1775011201.976,loading,6,NVIDIA H100 80GB HBM3,92.4,34,528,81559,0,0,0.000000,0.000000,0.000256,0.000000,74450709,43652377,0,0,0,226006921710
1775011201.976,loading,7,NVIDIA H100 80GB HBM3,97.6,31,528,81559,0,0,0.000000,0.000000,0.000006,0.000000,4722991,5053234,0,0,0,224916481925
1775011202.076,loading,0,NVIDIA H100 80GB HBM3,71.0,32,0,81559,0,0,0.000000,0.000000,0.000006,0.000000,712785,959115,0,0,1,237765606796
1775011202.076,loading,1,NVIDIA H100 80GB HBM3,72.4,30,0,81559,0,0,0.000000,0.000000,0.000005,0.000000,807117,1137302,0,0,1,231192219813
1775011202.076,loading,2,NVIDIA H100 80GB HBM3,69.3,30,0,81559,0,0,0.000000,0.000000,0.000005,0.000000,686569,938136,0,0,1,230257664011
1775011202.076,loading,3,NVIDIA H100 80GB HBM3,70.5,31,0,81559,0,0,0.000000,0.000000,0.000006,0.000000,725883,888355,0,0,1,234451047326
1775011202.076,loading,4,NVIDIA H100 80GB HBM3,72.1,33,3,81559,0,0,0.000000,0.000000,0.000005,0.000000,780903,911927,0,0,1,229488427102
1775011202.076,loading,5,NVIDIA H100 80GB HBM3,94.9,32,528,81559,1,0,0.000000,0.000000,0.000006,0.000000,71847416,42914480,0,0,0,226002308698
1775011202.076,loading,6,NVIDIA H100 80GB HBM3,96.9,34,528,81559,0,0,0.000000,0.000000,0.000008,0.000000,1834866,4644833,0,0,0,226006933312
1775011202.076,loading,7,NVIDIA H100 80GB HBM3,102.8,31,528,81559,0,0,0.000000,0.000000,0.000018,0.000000,74262302,42881133,0,0,0,224916493603
1775011202.176,loading,0,NVIDIA H100 80GB HBM3,71.0,32,0,81559,0,0,0.000000,0.000000,0.000005,0.000000,3238792,2989654,0,0,1,237765635176
1775011202.176,loading,1,NVIDIA H100 80GB HBM3,72.3,30,0,81559,0,0,0.000000,0.000000,0.000005,0.000000,2434555,2332350,0,0,1,231192248703
1775011202.176,loading,2,NVIDIA H100 80GB HBM3,69.3,30,0,81559,0,0,0.000000,0.000000,0.000006,0.000000,3726435,3459138,0,0,1,230257684797
1775011202.176,loading,3,NVIDIA H100 80GB HBM3,70.4,31,0,81559,0,0,0.000000,0.000000,0.000005,0.000000,3810347,3752694,0,0,1,234451075476
1775011202.176,loading,4,NVIDIA H100 80GB HBM3,72.0,33,3,81559,0,0,0.000000,0.000000,0.000005,0.000000,2484206,2300773,0,0,1,229488455868
1775011202.176,loading,5,NVIDIA H100 80GB HBM3,109.9,32,528,81559,0,0,0.000000,0.000000,0.000006,0.000000,1126934,1043069,0,0,0,226002357320
1775011202.176,loading,6,NVIDIA H100 80GB HBM3,111.0,34,528,81559,0,0,0.000000,0.000000,0.000006,0.000000,2600078,2416604,0,0,0,226006979656
1775011202.176,loading,7,NVIDIA H100 80GB HBM3,115.8,31,528,81559,0,0,0.000000,0.000000,0.000006,0.000000,2856866,2791341,0,0,0,224916540338
1775011202.413,loading,0,NVIDIA H100 80GB HBM3,71.0,32,0,81559,0,0,0.000000,0.000000,0.000005,0.000000,3238792,2989654,0,0,1,237765635176
1775011202.413,loading,1,NVIDIA H100 80GB HBM3,72.3,30,0,81559,0,0,0.000000,0.000000,0.000005,0.000000,2434555,2332350,0,0,1,231192248703
1775011202.413,loading,2,NVIDIA H100 80GB HBM3,69.3,30,0,81559,0,0,0.000000,0.000000,0.000006,0.000000,3726435,3459138,0,0,1,230257684797
1775011202.413,loading,3,NVIDIA H100 80GB HBM3,70.4,31,0,81559,0,0,0.000000,0.000000,0.000005,0.000000,3810347,3752694,0,0,1,234451075476
1775011202.413,loading,4,NVIDIA H100 80GB HBM3,72.0,33,3,81559,0,0,0.000000,0.000000,0.000005,0.000000,2484206,2300773,0,0,1,229488455868
1775011202.413,loading,5,NVIDIA H100 80GB HBM3,109.9,32,528,81559,0,0,0.000000,0.000000,0.000006,0.000000,1126934,1043069,0,0,0,226002357320
1775011202.413,loading,6,NVIDIA H100 80GB HBM3,111.0,34,528,81559,0,0,0.000000,0.000000,0.000006,0.000000,2600078,2416604,0,0,0,226006979656
1775011202.413,loading,7,NVIDIA H100 80GB HBM3,115.8,31,528,81559,0,0,0.000000,0.000000,0.000006,0.000000,2856866,2791341,0,0,0,224916540338
1775011202.513,loading,0,NVIDIA H100 80GB HBM3,71.0,32,3,81559,0,0,0.000000,0.000000,0.000006,0.000000,9139038,8896315,0,0,1,237765656483
1775011202.513,loading,1,NVIDIA H100 80GB HBM3,72.4,30,0,81559,0,0,0.000000,0.000000,0.000008,0.000000,23645958,10000285,0,0,1,231192270428
1775011202.513,loading,2,NVIDIA H100 80GB HBM3,69.3,30,0,81559,0,0,0.000000,0.000000,0.000005,0.000000,141510,112684,0,0,1,230257705560
1775011202.513,loading,3,NVIDIA H100 80GB HBM3,70.4,31,0,81559,0,0,0.000000,0.000000,0.000005,0.000000,141510,146751,0,0,1,234451096591
1775011202.513,loading,4,NVIDIA H100 80GB HBM3,72.0,33,3,81559,0,0,0.000000,0.000000,0.000006,0.000000,2138340,2062346,0,0,1,229488477467
1775011202.513,loading,5,NVIDIA H100 80GB HBM3,123.2,32,528,81559,0,0,0.000000,0.000000,0.000006,0.000000,1329721,1237112,0,0,0,226002394541
1775011202.513,loading,6,NVIDIA H100 80GB HBM3,117.4,34,528,81559,0,0,0.000000,0.000000,,0.000000,0,0,0,0,0,226007015031
1775011202.513,loading,7,NVIDIA H100 80GB HBM3,118.1,31,528,81559,0,0,0.000000,0.000000,0.000006,0.000000,2615714,2458456,0,0,0,224916575855
1775011202.733,loading,0,NVIDIA H100 80GB HBM3,71.0,32,3,81559,0,0,0.000000,0.000000,0.000006,0.000000,9139038,8896315,0,0,1,237765656483
1775011202.733,loading,1,NVIDIA H100 80GB HBM3,72.4,30,0,81559,0,0,0.000000,0.000000,0.000008,0.000000,23645958,10000285,0,0,1,231192270428
1775011202.733,loading,2,NVIDIA H100 80GB HBM3,69.3,30,0,81559,0,0,0.000000,0.000000,0.000005,0.000000,141510,112684,0,0,1,230257705560
1775011202.733,loading,3,NVIDIA H100 80GB HBM3,70.4,31,0,81559,0,0,0.000000,0.000000,0.000005,0.000000,141510,146751,0,0,1,234451096591
1775011202.733,loading,4,NVIDIA H100 80GB HBM3,72.0,33,3,81559,0,0,0.000000,0.000000,0.000006,0.000000,2138340,2062346,0,0,1,229488477467
1775011202.733,loading,5,NVIDIA H100 80GB HBM3,123.2,32,528,81559,0,0,0.000000,0.000000,0.000006,0.000000,1329721,1237112,0,0,0,226002394541
1775011202.733,loading,6,NVIDIA H100 80GB HBM3,117.4,34,528,81559,0,0,0.000000,0.000000,,0.000000,0,0,0,0,0,226007015031
1775011202.733,loading,7,NVIDIA H100 80GB HBM3,118.1,31,528,81559,0,0,0.000000,0.000000,0.000006,0.000000,2615714,2458456,0,0,0,224916575855
1775011202.833,loading,0,NVIDIA H100 80GB HBM3,71.0,32,3,81559,0,0,0.000000,0.000000,0.000005,0.000000,3642487,3464294,0,0,1,237765684841
1775011202.833,loading,1,NVIDIA H100 80GB HBM3,72.4,30,3,81559,0,0,0.000000,0.000000,0.000005,0.000000,5827863,5518651,0,0,1,231192292128
1775011202.833,loading,2,NVIDIA H100 80GB HBM3,69.3,30,0,81559,0,0,0.000000,0.000000,0.000006,0.000000,10211882,4910735,0,0,1,230257733260
1775011202.833,loading,3,NVIDIA H100 80GB HBM3,70.4,31,0,81559,0,0,0.000000,0.000000,0.000005,0.000000,138890,91720,0,0,1,234451117686
1775011202.833,loading,4,NVIDIA H100 80GB HBM3,72.0,33,3,81559,0,0,0.000000,0.000000,0.000005,0.000000,136267,99580,0,0,1,229488499079
1775011202.833,loading,5,NVIDIA H100 80GB HBM3,123.8,32,528,81559,0,0,0.000000,0.000000,0.000006,0.000000,919966,821679,0,0,0,226002432318
1775011202.833,loading,6,NVIDIA H100 80GB HBM3,118.1,34,528,81559,0,0,0.000000,0.000000,0.000006,0.000000,908184,812516,0,0,0,226007051027
1775011202.833,loading,7,NVIDIA H100 80GB HBM3,118.8,31,528,81559,0,0,0.000000,0.000000,0.000005,0.000000,1060624,955785,0,0,0,224916612033
1775011203.079,loading,0,NVIDIA H100 80GB HBM3,71.0,32,3,81559,0,0,0.000000,0.000000,0.000005,0.000000,3642487,3464294,0,0,1,237765684841
1775011203.079,loading,1,NVIDIA H100 80GB HBM3,72.4,30,3,81559,0,0,0.000000,0.000000,0.000005,0.000000,5827863,5518651,0,0,1,231192292128
1775011203.079,loading,2,NVIDIA H100 80GB HBM3,69.3,30,0,81559,0,0,0.000000,0.000000,0.000006,0.000000,10211882,4910735,0,0,1,230257733260
1775011203.079,loading,3,NVIDIA H100 80GB HBM3,70.4,31,0,81559,0,0,0.000000,0.000000,0.000005,0.000000,138890,91720,0,0,1,234451117686
1775011203.079,loading,4,NVIDIA H100 80GB HBM3,72.0,33,3,81559,0,0,0.000000,0.000000,0.000005,0.000000,136267,99580,0,0,1,229488499079
1775011203.079,loading,5,NVIDIA H100 80GB HBM3,123.8,32,528,81559,0,0,0.000000,0.000000,0.000006,0.000000,919966,821679,0,0,0,226002432318
1775011203.079,loading,6,NVIDIA H100 80GB HBM3,118.1,34,528,81559,0,0,0.000000,0.000000,0.000006,0.000000,908184,812516,0,0,0,226007051027
1775011203.079,loading,7,NVIDIA H100 80GB HBM3,118.8,31,528,81559,0,0,0.000000,0.000000,0.000005,0.000000,1060624,955785,0,0,0,224916612033
1775011203.179,loading,0,NVIDIA H100 80GB HBM3,71.0,32,3,81559,0,0,0.000000,0.000000,0.000005,0.000000,2557701,2405706,0,0,1,237765706123
1775011203.179,loading,1,NVIDIA H100 80GB HBM3,72.4,30,3,81559,0,0,0.000000,0.000000,0.000006,0.000000,1164832,1073113,0,0,1,231192321038
1775011203.179,loading,2,NVIDIA H100 80GB HBM3,69.3,30,3,81559,0,0,0.000000,0.000000,0.000006,0.000000,7910735,7900261,0,0,1,230257760977
1775011203.179,loading,3,NVIDIA H100 80GB HBM3,70.4,31,0,81559,0,0,0.000000,0.000000,0.000006,0.000000,8963923,3814767,0,0,1,234451145832
1775011203.179,loading,4,NVIDIA H100 80GB HBM3,72.1,33,3,81559,0,0,0.000000,0.000000,0.000005,0.000000,138881,86473,0,0,1,229488527884
1775011203.179,loading,5,NVIDIA H100 80GB HBM3,125.5,32,528,81559,0,0,0.000000,0.000000,0.000006,0.000000,136295,136295,0,0,0,226002482670
1775011203.179,loading,6,NVIDIA H100 80GB HBM3,119.8,34,528,81559,0,0,0.000000,0.000000,0.000006,0.000000,1373420,1258094,0,0,0,226007099061
1775011203.179,loading,7,NVIDIA H100 80GB HBM3,120.0,31,528,81559,0,0,0.000000,0.000000,0.000005,0.000000,2620975,2400813,0,0,0,224916660338
1775011203.456,loading,0,NVIDIA H100 80GB HBM3,71.0,32,3,81559,0,0,0.000000,0.000000,0.000005,0.000000,2557701,2405706,0,0,1,237765706123
1775011203.456,loading,1,NVIDIA H100 80GB HBM3,72.4,30,3,81559,0,0,0.000000,0.000000,0.000006,0.000000,1164832,1073113,0,0,1,231192321038
1775011203.456,loading,2,NVIDIA H100 80GB HBM3,69.3,30,3,81559,0,0,0.000000,0.000000,0.000006,0.000000,7910735,7900261,0,0,1,230257760977
1775011203.456,loading,3,NVIDIA H100 80GB HBM3,70.4,31,0,81559,0,0,0.000000,0.000000,0.000006,0.000000,8963923,3814767,0,0,1,234451145832
1775011203.456,loading,4,NVIDIA H100 80GB HBM3,72.1,33,3,81559,0,0,0.000000,0.000000,0.000005,0.000000,138881,86473,0,0,1,229488527884
1775011203.456,loading,5,NVIDIA H100 80GB HBM3,125.5,32,528,81559,0,0,0.000000,0.000000,0.000006,0.000000,136295,136295,0,0,0,226002482670
1775011203.456,loading,6,NVIDIA H100 80GB HBM3,119.8,34,528,81559,0,0,0.000000,0.000000,0.000006,0.000000,1373420,1258094,0,0,0,226007099061
1775011203.456,loading,7,NVIDIA H100 80GB HBM3,120.0,31,528,81559,0,0,0.000000,0.000000,0.000005,0.000000,2620975,2400813,0,0,0,224916660338
1775011203.556,loading,0,NVIDIA H100 80GB HBM3,71.0,32,3,81559,0,0,0.000000,0.000000,0.000005,0.000000,1516412,1409844,0,0,1,237765727415
1775011203.556,loading,1,NVIDIA H100 80GB HBM3,72.4,30,3,81559,0,0,0.000000,0.000000,0.000005,0.000000,1533896,1436062,0,0,1,231192342730
1775011203.556,loading,2,NVIDIA H100 80GB HBM3,69.3,30,3,81559,0,0,0.000000,0.000000,0.000005,0.000000,587015,560809,0,0,1,230257774841
1775011203.556,loading,3,NVIDIA H100 80GB HBM3,70.4,31,3,81559,0,0,0.000000,0.000000,0.000006,0.000000,12569834,12835835,0,0,1,234451166966
1775011203.556,loading,4,NVIDIA H100 80GB HBM3,72.1,33,3,81559,0,0,0.000000,0.000000,0.000005,0.000000,2348529,2233456,0,0,1,229488549474
1775011203.556,loading,5,NVIDIA H100 80GB HBM3,126.0,32,528,81559,0,0,0.000000,0.000000,0.000005,0.000000,2626204,2411285,0,0,0,226002520481
1775011203.556,loading,6,NVIDIA H100 80GB HBM3,120.1,34,528,81559,0,0,0.000000,0.000000,0.000005,0.000000,2626223,2432270,0,0,0,226007135097
1775011203.556,loading,7,NVIDIA H100 80GB HBM3,120.9,31,528,81559,0,0,0.000000,0.000000,0.000006,0.000000,0,368681,0,0,0,224916696661
1775011203.742,loading,0,NVIDIA H100 80GB HBM3,71.0,32,3,81559,0,0,0.000000,0.000000,0.000005,0.000000,1516412,1409844,0,0,1,237765727415
1775011203.742,loading,1,NVIDIA H100 80GB HBM3,72.4,30,3,81559,0,0,0.000000,0.000000,0.000005,0.000000,1533896,1436062,0,0,1,231192342730
1775011203.742,loading,2,NVIDIA H100 80GB HBM3,69.3,30,3,81559,0,0,0.000000,0.000000,0.000005,0.000000,587015,560809,0,0,1,230257774841
1775011203.742,loading,3,NVIDIA H100 80GB HBM3,70.4,31,3,81559,0,0,0.000000,0.000000,0.000006,0.000000,12569834,12835835,0,0,1,234451166966
1775011203.742,loading,4,NVIDIA H100 80GB HBM3,72.1,33,3,81559,0,0,0.000000,0.000000,0.000005,0.000000,2348529,2233456,0,0,1,229488549474
1775011203.742,loading,5,NVIDIA H100 80GB HBM3,126.0,32,528,81559,0,0,0.000000,0.000000,0.000005,0.000000,2626204,2411285,0,0,0,226002520481
1775011203.742,loading,6,NVIDIA H100 80GB HBM3,120.1,34,528,81559,0,0,0.000000,0.000000,0.000005,0.000000,2626223,2432270,0,0,0,226007135097
1775011203.742,loading,7,NVIDIA H100 80GB HBM3,120.9,31,528,81559,0,0,0.000000,0.000000,0.000006,0.000000,0,368681,0,0,0,224916696661
1775011203.842,loading,0,NVIDIA H100 80GB HBM3,71.9,33,22,81559,0,0,0.000000,0.000000,0.000005,0.000000,1148179,1174393,0,0,0,237765745374
1775011203.842,loading,1,NVIDIA H100 80GB HBM3,72.4,30,3,81559,0,0,0.000000,0.000000,0.000005,0.000000,1084893,1111099,0,0,1,231192349967
1775011203.842,loading,2,NVIDIA H100 80GB HBM3,69.3,30,3,81559,0,0,0.000000,0.000000,0.000005,0.000000,4638090,4501830,0,0,1,230257788696
1775011203.842,loading,3,NVIDIA H100 80GB HBM3,70.4,31,3,81559,0,0,0.000000,0.000000,0.000005,0.000000,11066393,10494174,0,0,1,234451174010
1775011203.842,loading,4,NVIDIA H100 80GB HBM3,72.1,33,3,81559,0,0,0.000000,0.000000,0.000006,0.000000,141506,89096,0,0,1,229488556665
1775011203.842,loading,5,NVIDIA H100 80GB HBM3,126.0,32,528,81559,0,0,0.000000,0.000000,0.000005,0.000000,136291,78629,0,0,0,226002533067
1775011203.842,loading,6,NVIDIA H100 80GB HBM3,120.2,34,528,81559,0,0,0.000000,0.000000,0.000005,0.000000,141532,83871,0,0,0,226007147097
1775011203.842,loading,7,NVIDIA H100 80GB HBM3,120.9,31,528,81559,0,0,0.000000,0.000000,,0.000000,2395593,0,0,0,0,224916708770
1775011203.942,loading,0,NVIDIA H100 80GB HBM3,76.9,33,44,81559,0,0,0.000000,0.000000,0.000018,0.000000,11925399,15626205,0,0,0,237765757486
1775011203.942,loading,1,NVIDIA H100 80GB HBM3,72.4,30,3,81559,0,0,0.000000,0.000000,0.000005,0.000000,681326,854279,0,0,1,231192366586
1775011203.942,loading,2,NVIDIA H100 80GB HBM3,69.3,30,3,81559,0,0,0.000000,0.000000,0.000005,0.000000,141505,309216,0,0,1,230257795619
1775011203.942,loading,3,NVIDIA H100 80GB HBM3,70.4,31,3,81559,0,0,0.000000,0.000000,0.000005,0.000000,3217969,3139354,0,0,1,234451181037
1775011203.942,loading,4,NVIDIA H100 80GB HBM3,72.1,33,3,81559,0,0,0.000000,0.000000,0.000005,0.000000,2237875,2201188,0,0,1,229488571051
1775011203.942,loading,5,NVIDIA H100 80GB HBM3,126.0,32,528,81559,0,0,0.000000,0.000000,0.000006,0.000000,1923805,1976224,0,0,0,226002545675
1775011203.942,loading,6,NVIDIA H100 80GB HBM3,120.2,34,528,81559,0,0,0.000000,0.000000,0.000006,0.000000,2049595,2018143,0,0,0,226007171108
1775011203.942,loading,7,NVIDIA H100 80GB HBM3,121.0,32,528,81559,0,0,0.000000,0.000000,0.000005,0.000000,1970983,1939531,0,0,0,224916732983
1775011204.042,loading,0,NVIDIA H100 80GB HBM3,81.7,33,530,81559,3,0,0.000000,0.000000,0.000257,0.000000,77595160,49437824,0,0,0,237765757486
1775011204.042,loading,1,NVIDIA H100 80GB HBM3,75.6,30,22,81559,0,0,0.000000,0.000000,0.000006,0.000000,2144941,3499916,0,0,0,231192366586
1775011204.042,loading,2,NVIDIA H100 80GB HBM3,69.3,30,3,81559,0,0,0.000000,0.000000,0.000006,0.000000,974884,1535705,0,0,1,230257795619
1775011204.042,loading,3,NVIDIA H100 80GB HBM3,70.4,31,3,81559,0,0,0.000000,0.000000,0.000006,0.000000,712766,1383605,0,0,1,234451181037
1775011204.042,loading,4,NVIDIA H100 80GB HBM3,72.0,33,3,81559,0,0,0.000000,0.000000,0.000005,0.000000,691810,917172,0,0,1,229488571051
1775011204.042,loading,5,NVIDIA H100 80GB HBM3,126.0,32,528,81559,0,0,0.000000,0.000000,0.000006,0.000000,660479,948784,0,0,0,226002545675
1775011204.042,loading,6,NVIDIA H100 80GB HBM3,120.2,34,528,81559,0,0,0.000000,0.000000,0.000006,0.000000,655255,985504,0,0,0,226007171108
1775011204.042,loading,7,NVIDIA H100 80GB HBM3,121.0,31,528,81559,0,0,0.000000,0.000000,0.000006,0.000000,796771,1939531,0,0,0,224916732983
1775011204.142,loading,0,NVIDIA H100 80GB HBM3,86.3,33,530,81559,3,0,0.000000,0.000000,0.000007,0.000000,644784,775837,0,0,0,237765769343
1775011204.142,loading,1,NVIDIA H100 80GB HBM3,80.4,31,42,81559,1,0,0.000000,0.000000,0.000018,0.000000,16289685,19330217,0,0,0,231192378755
1775011204.142,loading,2,NVIDIA H100 80GB HBM3,69.3,30,3,81559,0,0,0.000000,0.000000,0.000005,0.000000,686548,807087,0,0,1,230257802548
1775011204.142,loading,3,NVIDIA H100 80GB HBM3,70.4,31,3,81559,0,0,0.000000,0.000000,0.000005,0.000000,686590,697073,0,0,1,234451195102
1775011204.142,loading,4,NVIDIA H100 80GB HBM3,72.0,33,3,81559,0,0,0.000000,0.000000,0.000005,0.000000,691803,817586,0,0,1,229488578232
1775011204.142,loading,5,NVIDIA H100 80GB HBM3,126.0,32,528,81559,0,0,0.000000,0.000000,0.000005,0.000000,676211,702420,0,0,0,226002570857
1775011204.142,loading,6,NVIDIA H100 80GB HBM3,120.2,34,528,81559,0,0,0.000000,0.000000,0.000005,0.000000,733868,749593,0,0,0,226007183124
1775011204.142,loading,7,NVIDIA H100 80GB HBM3,121.0,32,528,81559,0,0,0.000000,0.000000,0.000005,0.000000,739107,1037900,0,0,0,224916745108
1775011204.242,loading,0,NVIDIA H100 80GB HBM3,91.0,33,530,81559,0,0,0.000000,0.000000,0.000006,0.000000,770598,1048433,0,0,0,237765781209
1775011204.242,loading,1,NVIDIA H100 80GB HBM3,84.9,31,530,81559,1,0,0.000000,0.000000,0.000256,0.000000,73460321,45302715,0,0,0,231192390614
1775011204.242,loading,2,NVIDIA H100 80GB HBM3,69.4,30,22,81559,0,0,0.000000,0.000000,0.000005,0.000000,833601,1022341,0,0,0,230257809478
1775011204.242,loading,3,NVIDIA H100 80GB HBM3,70.4,31,3,81559,0,0,0.000000,0.000000,0.000005,0.000000,199157,707534,0,0,1,234451202143
1775011204.242,loading,4,NVIDIA H100 80GB HBM3,72.0,33,3,81559,0,0,0.000000,0.000000,0.000005,0.000000,592222,788756,0,0,1,229488585425
1775011204.242,loading,5,NVIDIA H100 80GB HBM3,126.0,32,528,81559,0,0,0.000000,0.000000,0.000005,0.000000,146775,477021,0,0,0,226002583475
1775011204.242,loading,6,NVIDIA H100 80GB HBM3,120.2,34,528,81559,0,0,0.000000,0.000000,0.000006,0.000000,146774,529436,0,0,0,226007195119
1775011204.242,loading,7,NVIDIA H100 80GB HBM3,121.1,32,528,81559,0,0,0.000000,0.000000,0.000006,0.000000,0,985476,0,0,0,224916757167
1775011204.342,loading,0,NVIDIA H100 80GB HBM3,95.7,33,530,81559,0,0,0.000000,0.000000,0.000006,0.000000,786269,1242305,0,0,0,237765793109
1775011204.342,loading,1,NVIDIA H100 80GB HBM3,89.8,31,530,81559,0,0,0.000000,0.000000,0.000006,0.000000,896405,1095606,0,0,0,231192402466
1775011204.342,loading,2,NVIDIA H100 80GB HBM3,79.1,31,530,81559,0,0,0.000000,0.000000,0.000018,0.000000,9440180,13259091,0,0,0,230257820108
1775011204.342,loading,3,NVIDIA H100 80GB HBM3,70.4,31,21,81559,0,0,0.000000,0.000000,0.000005,0.000000,2033518,1912974,0,0,0,234451209173
1775011204.342,loading,4,NVIDIA H100 80GB HBM3,72.0,33,3,81559,0,0,0.000000,0.000000,0.000005,0.000000,796629,1037715,0,0,1,229488592618
1775011204.342,loading,5,NVIDIA H100 80GB HBM3,126.0,32,528,81559,0,0,0.000000,0.000000,0.000006,0.000000,1965728,1997180,0,0,0,226002596044
1775011204.342,loading,6,NVIDIA H100 80GB HBM3,120.2,34,528,81559,0,0,0.000000,0.000000,0.000006,0.000000,841332,1027421,0,0,0,226007207129
1775011204.342,loading,7,NVIDIA H100 80GB HBM3,121.0,32,528,81559,0,0,0.000000,0.000000,,0.000000,733875,0,0,0,0,224916769208
1775011204.442,loading,0,NVIDIA H100 80GB HBM3,95.7,33,530,81559,0,0,0.000000,0.000000,0.000006,0.000000,786269,1242305,0,0,0,237765804990
1775011204.442,loading,1,NVIDIA H100 80GB HBM3,89.8,31,530,81559,0,0,0.000000,0.000000,0.000006,0.000000,802018,1095606,0,0,0,231192414315
1775011204.442,loading,2,NVIDIA H100 80GB HBM3,79.1,31,530,81559,0,0,0.000000,0.000000,0.000018,0.000000,9440180,13259091,0,0,0,230257831966
1775011204.442,loading,3,NVIDIA H100 80GB HBM3,75.0,32,42,81559,0,0,0.000000,0.000000,0.000012,0.000000,3630265,5868101,0,0,0,234451218692
1775011204.442,loading,4,NVIDIA H100 80GB HBM3,72.0,33,3,81559,0,0,0.000000,0.000000,0.000005,0.000000,801874,1063925,0,0,1,229488599821
1775011204.442,loading,5,NVIDIA H100 80GB HBM3,126.0,32,528,81559,0,0,0.000000,0.000000,0.000005,0.000000,749603,1116543,0,0,0,226002608658
1775011204.442,loading,6,NVIDIA H100 80GB HBM3,120.1,34,528,81559,0,0,0.000000,0.000000,0.000006,0.000000,1006450,1195159,0,0,0,226007219146
1775011204.442,loading,7,NVIDIA H100 80GB HBM3,121.1,32,528,81559,0,0,0.000000,0.000000,0.000005,0.000000,1121773,739117,0,0,0,224916769208
1775011204.543,loading,0,NVIDIA H100 80GB HBM3,100.4,33,530,81559,0,0,0.000000,0.000000,0.000006,0.000000,796773,1588304,0,0,0,237765816854
1775011204.543,loading,1,NVIDIA H100 80GB HBM3,94.4,31,530,81559,0,0,0.000000,0.000000,0.000006,0.000000,775807,1488714,0,0,0,231192426170
1775011204.543,loading,2,NVIDIA H100 80GB HBM3,83.8,31,530,81559,0,0,0.000000,0.000000,0.000257,0.000000,82093589,54625810,0,0,0,230257855229
1775011204.543,loading,3,NVIDIA H100 80GB HBM3,75.0,32,42,81559,0,0,0.000000,0.000000,0.000257,0.000000,84297912,57125516,0,0,0,234451230643
1775011204.543,loading,4,NVIDIA H100 80GB HBM3,72.8,33,21,81559,0,0,0.000000,0.000000,0.000005,0.000000,802135,1132427,0,0,0,229488607019
1775011204.543,loading,5,NVIDIA H100 80GB HBM3,126.0,32,528,81559,0,0,0.000000,0.000000,0.000005,0.000000,914736,1200428,0,0,0,226002621235
1775011204.543,loading,6,NVIDIA H100 80GB HBM3,120.2,34,528,81559,0,0,0.000000,0.000000,0.000006,0.000000,754868,1148028,0,0,0,226007231161
1775011204.543,loading,7,NVIDIA H100 80GB HBM3,121.1,32,528,81559,0,0,0.000000,0.000000,0.000006,0.000000,959273,1472983,0,0,0,224916781311
1775011204.643,loading,0,NVIDIA H100 80GB HBM3,105.1,33,530,81559,0,0,0.000000,0.000000,0.000005,0.000000,796775,927832,0,0,0,237765828749
1775011204.643,loading,1,NVIDIA H100 80GB HBM3,103.1,31,530,81559,0,0,0.000000,0.000000,0.000006,0.000000,781403,1340287,0,0,0,231192438022
1775011204.643,loading,2,NVIDIA H100 80GB HBM3,92.7,31,530,81559,0,0,0.000000,0.000000,0.000006,0.000000,545161,1472984,0,0,0,230257866868
1775011204.643,loading,3,NVIDIA H100 80GB HBM3,84.2,32,530,81559,0,0,0.000000,0.000000,0.000006,0.000000,781104,838769,0,0,0,234451242279
1775011204.643,loading,4,NVIDIA H100 80GB HBM3,78.0,34,44,81559,0,0,0.000000,0.000000,0.000007,0.000000,6108514,10147678,0,0,0,229488617964
1775011204.643,loading,5,NVIDIA H100 80GB HBM3,126.1,32,528,81559,0,0,0.000000,0.000000,0.000005,0.000000,744336,833446,0,0,0,226002633847
1775011204.643,loading,6,NVIDIA H100 80GB HBM3,120.2,34,528,81559,0,0,0.000000,0.000000,0.000005,0.000000,739100,807244,0,0,0,226007243167
1775011204.643,loading,7,NVIDIA H100 80GB HBM3,121.1,32,528,81559,0,0,0.000000,0.000000,0.000006,0.000000,739118,1153225,0,0,0,224916805563
1775011204.743,loading,0,NVIDIA H100 80GB HBM3,115.4,33,530,81559,0,0,0.000000,0.000000,0.000006,0.000000,995969,1420567,0,0,0,237765852547
1775011204.743,loading,1,NVIDIA H100 80GB HBM3,107.6,31,530,81559,0,0,0.000000,0.000000,0.000006,0.000000,770609,1195230,0,0,0,231192449872
1775011204.743,loading,2,NVIDIA H100 80GB HBM3,96.4,31,530,81559,0,0,0.000000,0.000000,0.000006,0.000000,1416709,1783325,0,0,0,230257878503
1775011204.743,loading,3,NVIDIA H100 80GB HBM3,88.7,32,530,81559,0,0,0.000000,0.000000,0.000006,0.000000,781040,1137489,0,0,0,234451253915
1775011204.743,loading,4,NVIDIA H100 80GB HBM3,82.9,34,530,81559,3,0,0.000000,0.000000,0.000267,0.000000,83172062,52105714,0,0,0,229488642270
1775011204.743,loading,5,NVIDIA H100 80GB HBM3,126.0,32,547,81559,0,0,0.000000,0.000000,0.000006,0.000000,2033870,3543547,0,0,0,226002646480
1775011204.743,loading,6,NVIDIA H100 80GB HBM3,120.2,34,528,81559,0,0,0.000000,0.000000,0.000005,0.000000,859684,1121783,0,0,0,226007267183
1775011204.743,loading,7,NVIDIA H100 80GB HBM3,121.1,32,528,81559,0,0,0.000000,0.000000,0.000005,0.000000,681450,739111,0,0,0,224916829760
1775011204.843,loading,0,NVIDIA H100 80GB HBM3,115.4,33,530,81559,0,0,0.000000,0.000000,0.000006,0.000000,995969,1420567,0,0,0,237765864400
1775011204.843,loading,1,NVIDIA H100 80GB HBM3,107.6,31,530,81559,0,0,0.000000,0.000000,0.000006,0.000000,791521,1195230,0,0,0,231192461726
1775011204.843,loading,2,NVIDIA H100 80GB HBM3,96.4,31,530,81559,0,0,0.000000,0.000000,0.000006,0.000000,1416709,1783325,0,0,0,230257890122
1775011204.843,loading,3,NVIDIA H100 80GB HBM3,88.7,32,530,81559,0,0,0.000000,0.000000,0.000006,0.000000,781040,1362904,0,0,0,234451253915
1775011204.843,loading,4,NVIDIA H100 80GB HBM3,82.9,34,530,81559,3,0,0.000000,0.000000,0.000267,0.000000,83172062,52105714,0,0,0,229488642270
1775011204.843,loading,5,NVIDIA H100 80GB HBM3,126.0,32,547,81559,0,0,0.000000,0.000000,0.000019,0.000000,2033870,3543547,0,0,0,226002646480
1775011204.843,loading,6,NVIDIA H100 80GB HBM3,120.2,34,528,81559,0,0,0.000000,0.000000,0.000005,0.000000,859684,1121783,0,0,0,226007267183
1775011204.843,loading,7,NVIDIA H100 80GB HBM3,121.1,32,528,81559,0,0,0.000000,0.000000,0.000005,0.000000,681450,739111,0,0,0,224916829760
1775011204.943,loading,0,NVIDIA H100 80GB HBM3,119.2,33,530,81559,0,0,0.000000,0.000000,0.000006,0.000000,969765,1572592,0,0,0,237765876313
1775011204.943,loading,1,NVIDIA H100 80GB HBM3,112.9,31,530,81559,0,0,0.000000,0.000000,0.000006,0.000000,770567,1457238,0,0,0,231192473570
1775011204.943,loading,2,NVIDIA H100 80GB HBM3,102.6,31,530,81559,0,0,0.000000,0.000000,0.000006,0.000000,770606,990780,0,0,0,230257901769
1775011204.943,loading,3,NVIDIA H100 80GB HBM3,93.6,32,530,81559,0,0,0.000000,0.000000,0.000006,0.000000,749597,1116546,0,0,0,234451277204
1775011204.943,loading,4,NVIDIA H100 80GB HBM3,92.6,34,530,81559,3,0,0.000000,0.000000,0.000006,0.000000,1284342,2280224,0,0,0,229488654268
1775011204.943,loading,5,NVIDIA H100 80GB HBM3,125.8,32,570,81559,4,0,0.000000,0.000000,0.000255,0.000000,80781759,54621510,0,0,0,226002659037
1775011204.943,loading,6,NVIDIA H100 80GB HBM3,120.2,34,547,81559,0,0,0.000000,0.000000,0.000005,0.000000,1032688,1273823,0,0,0,226007279206
1775011204.943,loading,7,NVIDIA H100 80GB HBM3,121.0,32,528,81559,0,0,0.000000,0.000000,0.000005,0.000000,500599,762693,0,0,0,224916841794
1775011205.043,loading,0,NVIDIA H100 80GB HBM3,119.0,33,530,81559,0,0,0.000000,0.000000,0.000005,0.000000,466532,906854,0,0,0,237765888221
1775011205.043,loading,1,NVIDIA H100 80GB HBM3,116.7,31,530,81559,0,0,0.000000,0.000000,0.000006,0.000000,786293,1085085,0,0,0,231192485420
1775011205.043,loading,2,NVIDIA H100 80GB HBM3,106.6,31,530,81559,0,0,0.000000,0.000000,0.000006,0.000000,1090312,1918530,0,0,0,230257901769
1775011205.043,loading,3,NVIDIA H100 80GB HBM3,97.7,32,530,81559,0,0,0.000000,0.000000,0.000006,0.000000,796784,1362909,0,0,0,234451288796
1775011205.043,loading,4,NVIDIA H100 80GB HBM3,92.6,34,530,81559,0,0,0.000000,0.000000,0.000006,0.000000,1976194,2280224,0,0,0,229488666270
1775011205.043,loading,5,NVIDIA H100 80GB HBM3,125.8,32,1056,81559,4,0,0.000000,0.000000,0.000006,0.000000,80781759,54621510,0,0,0,226002683662
1775011205.043,loading,6,NVIDIA H100 80GB HBM3,120.2,34,547,81559,0,0,0.000000,0.000000,0.000005,0.000000,1032688,1273823,0,0,0,226007291227
1775011205.043,loading,7,NVIDIA H100 80GB HBM3,121.0,32,528,81559,0,0,0.000000,0.000000,0.000005,0.000000,500599,762693,0,0,0,224916853915
1775011205.143,loading,0,NVIDIA H100 80GB HBM3,118.9,33,530,81559,0,0,0.000000,0.000000,0.000006,0.000000,765322,927822,0,0,0,237765900076
1775011205.143,loading,1,NVIDIA H100 80GB HBM3,118.6,31,530,81559,0,0,0.000000,0.000000,0.000006,0.000000,781050,1179438,0,0,0,231192509135
1775011205.143,loading,2,NVIDIA H100 80GB HBM3,115.8,31,530,81559,0,0,0.000000,0.000000,0.000006,0.000000,817760,1839961,0,0,0,230257925052
1775011205.143,loading,3,NVIDIA H100 80GB HBM3,106.7,32,530,81559,0,0,0.000000,0.000000,0.000006,0.000000,2107276,2311713,0,0,0,234451300430
1775011205.143,loading,4,NVIDIA H100 80GB HBM3,102.2,34,530,81559,0,0,0.000000,0.000000,0.000006,0.000000,1184688,1583078,0,0,0,229488678286
1775011205.143,loading,5,NVIDIA H100 80GB HBM3,124.9,32,1056,81559,0,0,0.000000,0.000000,0.000006,0.000000,1939533,2961720,0,0,0,226002695846
1775011205.143,loading,6,NVIDIA H100 80GB HBM3,119.9,34,1056,81559,0,0,0.000000,0.000000,0.000254,0.000000,80252186,49487888,0,0,0,226007303181
1775011205.143,loading,7,NVIDIA H100 80GB HBM3,121.0,32,547,81559,0,0,0.000000,0.000000,0.000005,0.000000,744375,975027,0,0,0,224916866041
1775011205.243,loading,0,NVIDIA H100 80GB HBM3,118.9,33,530,81559,0,0,0.000000,0.000000,0.000006,0.000000,765322,927822,0,0,0,237765900076
1775011205.243,loading,1,NVIDIA H100 80GB HBM3,118.6,31,530,81559,0,0,0.000000,0.000000,0.000006,0.000000,781050,1179438,0,0,0,231192509135
1775011205.243,loading,2,NVIDIA H100 80GB HBM3,115.8,31,530,81559,0,0,0.000000,0.000000,0.000006,0.000000,817760,1839961,0,0,0,230257925052
1775011205.243,loading,3,NVIDIA H100 80GB HBM3,106.7,32,530,81559,0,0,0.000000,0.000000,0.000006,0.000000,2107276,2500401,0,0,0,234451312067
1775011205.243,loading,4,NVIDIA H100 80GB HBM3,102.2,34,530,81559,0,0,0.000000,0.000000,0.000006,0.000000,1184688,1583078,0,0,0,229488690295
1775011205.243,loading,5,NVIDIA H100 80GB HBM3,124.9,32,1056,81559,0,0,0.000000,0.000000,0.000006,0.000000,1939533,2961720,0,0,0,226002707982
1775011205.243,loading,6,NVIDIA H100 80GB HBM3,119.9,34,1056,81559,0,0,0.000000,0.000000,0.000254,0.000000,80252186,49487888,0,0,0,226007314796
1775011205.243,loading,7,NVIDIA H100 80GB HBM3,121.0,32,547,81559,0,0,0.000000,0.000000,0.000005,0.000000,744375,975027,0,0,0,224916878109
1775011205.343,loading,0,NVIDIA H100 80GB HBM3,118.9,33,530,81559,0,0,0.000000,0.000000,0.000006,0.000000,812520,1839965,0,0,0,237765911966
1775011205.343,loading,1,NVIDIA H100 80GB HBM3,118.6,31,530,81559,0,0,0.000000,0.000000,0.000006,0.000000,1362939,1991988,0,0,0,231192520993
1775011205.343,loading,2,NVIDIA H100 80GB HBM3,116.6,31,530,81559,0,0,0.000000,0.000000,0.000006,0.000000,2196397,2301237,0,0,0,230257936677
1775011205.343,loading,3,NVIDIA H100 80GB HBM3,112.0,32,530,81559,0,0,0.000000,0.000000,0.000006,0.000000,1839918,1441539,0,0,0,234451323707
1775011205.343,loading,4,NVIDIA H100 80GB HBM3,107.0,34,530,81559,0,0,0.000000,0.000000,0.000006,0.000000,1729876,2269808,0,0,0,229488702287
1775011205.343,loading,5,NVIDIA H100 80GB HBM3,124.5,32,1056,81559,0,0,0.000000,0.000000,0.000006,0.000000,1651243,1677453,0,0,0,226002720170
1775011205.343,loading,6,NVIDIA H100 80GB HBM3,119.5,34,1056,81559,0,0,0.000000,0.000000,0.000007,0.000000,2112644,7407362,0,0,0,226007326391
1775011205.343,loading,7,NVIDIA H100 80GB HBM3,121.0,32,560,81559,0,0,0.000000,0.000000,0.000008,0.000000,4741066,9102222,0,0,0,224916890162
1775011205.443,loading,0,NVIDIA H100 80GB HBM3,119.0,33,530,81559,0,0,0.000000,0.000000,0.000006,0.000000,2767736,2940719,0,0,0,237765923889
1775011205.443,loading,1,NVIDIA H100 80GB HBM3,118.6,31,530,81559,0,0,0.000000,0.000000,0.000006,0.000000,1483470,1703631,0,0,0,231192532847
1775011205.443,loading,2,NVIDIA H100 80GB HBM3,116.4,31,530,81559,0,0,0.000000,0.000000,0.000007,0.000000,3092795,3407317,0,0,0,230257948323
1775011205.443,loading,3,NVIDIA H100 80GB HBM3,115.7,32,530,81559,0,0,0.000000,0.000000,0.000006,0.000000,1048392,3276281,0,0,0,234451335341
1775011205.443,loading,4,NVIDIA H100 80GB HBM3,111.8,34,530,81559,0,0,0.000000,0.000000,0.000006,0.000000,1148004,2877842,0,0,0,229488714293
1775011205.443,loading,5,NVIDIA H100 80GB HBM3,124.1,32,1056,81559,0,0,0.000000,0.000000,0.000006,0.000000,1074516,1462391,0,0,0,226002732311
1775011205.443,loading,6,NVIDIA H100 80GB HBM3,119.1,34,1056,81559,0,0,0.000000,0.000000,0.000005,0.000000,1053630,1441534,0,0,0,226007337990
1775011205.443,loading,7,NVIDIA H100 80GB HBM3,120.7,32,1056,81559,0,0,0.000000,0.000000,0.000018,0.000000,13740169,14622228,0,0,0,224916901908
1775011205.543,loading,0,NVIDIA H100 80GB HBM3,119.0,33,530,81559,0,0,0.000000,0.000000,0.000006,0.000000,1030091,1134669,0,0,0,237765935762
1775011205.543,loading,1,NVIDIA H100 80GB HBM3,118.6,31,530,81559,0,0,0.000000,0.000000,0.000006,0.000000,3234287,3417756,0,0,0,231192544696
1775011205.543,loading,2,NVIDIA H100 80GB HBM3,116.4,31,530,81559,0,0,0.000000,0.000000,0.000006,0.000000,1394370,1431064,0,0,0,230257959966
1775011205.543,loading,3,NVIDIA H100 80GB HBM3,116.6,32,530,81559,0,0,0.000000,0.000000,0.000006,0.000000,3318217,2416519,0,0,0,234451346974
1775011205.543,loading,4,NVIDIA H100 80GB HBM3,120.6,34,530,81559,0,0,0.000000,0.000000,0.000006,0.000000,3561922,3753254,0,0,0,229488726309
1775011205.543,loading,5,NVIDIA H100 80GB HBM3,122.9,32,1056,81559,0,0,0.000000,0.000000,0.000006,0.000000,1970956,2510872,0,0,0,226002744489
1775011205.543,loading,6,NVIDIA H100 80GB HBM3,118.1,34,1056,81559,0,0,0.000000,0.000000,0.000006,0.000000,3710089,3901812,0,0,0,226007349586
1775011205.543,loading,7,NVIDIA H100 80GB HBM3,119.9,32,1056,81559,1,0,0.000000,0.000000,0.000006,0.000000,4460884,6531447,0,0,0,224916913615
1775011205.652,loading,0,NVIDIA H100 80GB HBM3,118.9,33,530,81559,0,0,0.000000,0.000000,0.000006,0.000000,2285622,2773151,0,0,0,237765959605
1775011205.652,loading,1,NVIDIA H100 80GB HBM3,118.6,31,530,81559,0,0,0.000000,0.000000,0.000006,0.000000,1732618,2031701,0,0,0,231192568537
1775011205.652,loading,2,NVIDIA H100 80GB HBM3,116.5,31,530,81559,0,0,0.000000,0.000000,0.000006,0.000000,2196342,2699562,0,0,0,230257983269
1775011205.652,loading,3,NVIDIA H100 80GB HBM3,116.4,32,530,81559,0,0,0.000000,0.000000,0.000006,0.000000,1970957,1195191,0,0,0,234451358604
1775011205.652,loading,4,NVIDIA H100 80GB HBM3,120.6,34,530,81559,0,0,0.000000,0.000000,0.000006,0.000000,3561922,3753254,0,0,0,229488750864
1775011205.652,loading,5,NVIDIA H100 80GB HBM3,122.9,32,1056,81559,0,0,0.000000,0.000000,0.000006,0.000000,1970956,2510872,0,0,0,226002756750
1775011205.652,loading,6,NVIDIA H100 80GB HBM3,118.1,34,1056,81559,0,0,0.000000,0.000000,0.000006,0.000000,3710089,3901812,0,0,0,226007373162
1775011205.652,loading,7,NVIDIA H100 80GB HBM3,119.9,32,1056,81559,1,0,0.000000,0.000000,0.000006,0.000000,4460884,6531447,0,0,0,224916937303
1775011205.752,loading,0,NVIDIA H100 80GB HBM3,119.2,33,530,81559,0,0,0.000000,0.000000,0.000006,0.000000,3616903,3569726,0,0,0,237765971944
1775011205.752,loading,1,NVIDIA H100 80GB HBM3,118.9,31,530,81559,0,0,0.000000,0.000000,,0.000000,2757250,0,0,0,0,231192580806
1775011205.752,loading,2,NVIDIA H100 80GB HBM3,116.9,31,530,81559,0,0,0.000000,0.000000,0.000006,0.000000,1268556,1394364,0,0,0,230257995292
1775011205.752,loading,3,NVIDIA H100 80GB HBM3,116.7,32,530,81559,0,0,0.000000,0.000000,0.000006,0.000000,1027445,4696768,0,0,0,234451382405
1775011205.752,loading,4,NVIDIA H100 80GB HBM3,120.9,34,530,81559,0,0,0.000000,0.000000,0.000007,0.000000,980233,4466149,0,0,0,229488763326
1775011205.752,loading,5,NVIDIA H100 80GB HBM3,123.0,32,1056,81559,0,0,0.000000,0.000000,0.000007,0.000000,4235566,4088789,0,0,0,226002781954
1775011205.752,loading,6,NVIDIA H100 80GB HBM3,118.1,34,1056,81559,0,0,0.000000,0.000000,0.000007,0.000000,2007648,2416516,0,0,0,226007385184
1775011205.752,loading,7,NVIDIA H100 80GB HBM3,119.7,32,1056,81559,0,0,0.000000,0.000000,0.000006,0.000000,1116549,1216148,0,0,0,224916949359
1775011205.852,loading,0,NVIDIA H100 80GB HBM3,119.7,33,530,81559,0,0,0.000000,0.000000,0.000007,0.000000,1074598,1562098,0,0,0,237765971944
1775011205.852,loading,1,NVIDIA H100 80GB HBM3,119.3,31,530,81559,0,0,0.000000,0.000000,0.000006,0.000000,2757250,2998378,0,0,0,231192580806
1775011205.852,loading,2,NVIDIA H100 80GB HBM3,117.4,31,530,81559,0,0,0.000000,0.000000,0.000007,0.000000,3454447,3774206,0,0,0,230257995292
1775011205.852,loading,3,NVIDIA H100 80GB HBM3,117.1,32,530,81559,0,0,0.000000,0.000000,0.000007,0.000000,4361284,4696768,0,0,0,234451382405
1775011205.852,loading,4,NVIDIA H100 80GB HBM3,121.3,34,530,81559,0,0,0.000000,0.000000,0.000006,0.000000,4654859,4466149,0,0,0,229488763326
1775011205.852,loading,5,NVIDIA H100 80GB HBM3,123.0,32,1056,81559,0,0,0.000000,0.000000,0.000007,0.000000,1661687,2138701,0,0,0,226002781954
1775011205.852,loading,6,NVIDIA H100 80GB HBM3,118.1,34,1056,81559,0,0,0.000000,0.000000,0.000006,0.000000,4644432,4455719,0,0,0,226007385184
1775011205.852,loading,7,NVIDIA H100 80GB HBM3,119.7,32,1056,81559,0,0,0.000000,0.000000,0.000007,0.000000,3616904,3983836,0,0,0,224916949359
1775011205.952,loading,0,NVIDIA H100 80GB HBM3,120.1,33,527,81559,0,0,0.000000,0.000000,0.000006,0.000000,5089893,4848765,0,0,0,237765984253
1775011205.952,loading,1,NVIDIA H100 80GB HBM3,119.7,31,527,81559,0,0,0.000000,0.000000,,0.000000,0,0,0,0,0,231192593089
1775011205.952,loading,2,NVIDIA H100 80GB HBM3,117.9,31,527,81559,0,0,0.000000,0.000000,0.000006,0.000000,5105617,4864489,0,0,0,230258007368
1775011205.952,loading,3,NVIDIA H100 80GB HBM3,117.6,32,530,81559,0,0,0.000000,0.000000,0.000005,0.000000,529437,843954,0,0,0,234451394484
1775011205.952,loading,4,NVIDIA H100 80GB HBM3,121.7,34,530,81559,0,0,0.000000,0.000000,0.000006,0.000000,1011693,1583064,0,0,0,229488775765
1775011205.952,loading,5,NVIDIA H100 80GB HBM3,123.2,32,1056,81559,0,0,0.000000,0.000000,0.000006,0.000000,3931510,3742798,0,0,0,226002794545
1775011205.952,loading,6,NVIDIA H100 80GB HBM3,118.1,34,1056,81559,0,0,0.000000,0.000000,0.000006,0.000000,1011695,1593551,0,0,0,226007397197
1775011205.952,loading,7,NVIDIA H100 80GB HBM3,119.7,32,1056,81559,0,0,0.000000,0.000000,0.000006,0.000000,5200053,4979889,0,0,0,224916961411
1775011206.052,loading,0,NVIDIA H100 80GB HBM3,122.2,33,0,81559,0,0,0.000000,0.000000,0.000011,0.000000,3093840,3570864,0,0,0,237766058224
1775011206.052,loading,1,NVIDIA H100 80GB HBM3,121.9,31,0,81559,0,0,0.000000,0.000000,0.000010,0.000000,3081362,3458779,0,0,0,231192666759
1775011206.052,loading,2,NVIDIA H100 80GB HBM3,120.0,31,0,81559,1,0,0.000000,0.000000,0.000286,0.000000,2515993,2981627,0,0,0,230258079895
1775011206.052,loading,3,NVIDIA H100 80GB HBM3,119.7,32,0,81559,1,0,0.000000,0.000000,0.000338,0.000000,2790807,3213307,0,0,0,234451454809
1775011206.052,loading,4,NVIDIA H100 80GB HBM3,123.9,34,3,81559,0,0,0.000000,0.000000,0.000336,0.000000,1914889,2147442,0,0,0,229488837988
1775011206.052,loading,5,NVIDIA H100 80GB HBM3,125.4,32,528,81559,1,0,0.000000,0.000000,0.000283,0.000000,1763913,2064451,0,0,0,226002857578
1775011206.052,loading,6,NVIDIA H100 80GB HBM3,119.6,34,528,81559,0,0,0.000000,0.000000,0.000338,0.000000,1916462,2155495,0,0,0,226007457285
1775011206.052,loading,7,NVIDIA H100 80GB HBM3,120.0,32,528,81559,0,0,0.000000,0.000000,0.000338,0.000000,2162796,2446905,0,0,0,224917034013
1775011206.473,loading,0,NVIDIA H100 80GB HBM3,122.2,33,0,81559,0,0,0.000000,0.000000,0.000011,0.000000,3093840,3570864,0,0,0,237766058224
1775011206.473,loading,1,NVIDIA H100 80GB HBM3,121.9,31,0,81559,0,0,0.000000,0.000000,0.000010,0.000000,3081362,3458779,0,0,0,231192666759
1775011206.473,loading,2,NVIDIA H100 80GB HBM3,120.0,31,0,81559,1,0,0.000000,0.000000,0.000286,0.000000,2515993,2981627,0,0,0,230258079895
1775011206.473,loading,3,NVIDIA H100 80GB HBM3,119.7,32,0,81559,1,0,0.000000,0.000000,0.000338,0.000000,2790807,3213307,0,0,0,234451454809
1775011206.473,loading,4,NVIDIA H100 80GB HBM3,123.9,34,3,81559,0,0,0.000000,0.000000,0.000336,0.000000,1914889,2147442,0,0,0,229488837988
1775011206.473,loading,5,NVIDIA H100 80GB HBM3,125.4,32,528,81559,1,0,0.000000,0.000000,0.000283,0.000000,1763913,2064451,0,0,0,226002857578
1775011206.473,loading,6,NVIDIA H100 80GB HBM3,119.6,34,528,81559,0,0,0.000000,0.000000,0.000338,0.000000,1916462,2155495,0,0,0,226007457285
1775011206.473,loading,7,NVIDIA H100 80GB HBM3,120.0,32,528,81559,0,0,0.000000,0.000000,0.000338,0.000000,2162796,2446905,0,0,0,224917034013
1775011206.573,loading,0,NVIDIA H100 80GB HBM3,123.0,33,0,81559,0,0,0.000000,0.000000,0.000837,0.000000,1207810,1409549,0,0,0,237766094870
1775011206.573,loading,1,NVIDIA H100 80GB HBM3,122.9,31,0,81559,0,0,0.000000,0.000000,0.000834,0.000000,749605,1420605,0,0,0,231192691338
1775011206.573,loading,2,NVIDIA H100 80GB HBM3,120.9,32,0,81559,0,0,0.000000,0.000000,0.000006,0.000000,705053,867556,0,0,0,230258116184
1775011206.573,loading,3,NVIDIA H100 80GB HBM3,120.8,32,0,81559,0,0,0.000000,0.000000,0.000005,0.000000,518952,754839,0,0,0,234451491025
1775011206.573,loading,4,NVIDIA H100 80GB HBM3,124.5,34,3,81559,0,0,0.000000,0.000000,0.000015,0.000000,1048390,3014086,0,0,0,229488887823
1775011206.573,loading,5,NVIDIA H100 80GB HBM3,126.2,32,3,81559,1,0,0.000000,0.000000,0.001640,0.000000,3323504,3475525,0,0,0,226002895455
1775011206.573,loading,6,NVIDIA H100 80GB HBM3,120.2,34,528,81559,0,0,0.000000,0.000000,0.000014,0.000000,3651064,3771630,0,0,0,226007505366
1775011206.573,loading,7,NVIDIA H100 80GB HBM3,120.9,32,3,81559,0,0,0.000000,0.000000,0.000013,0.000000,495367,744361,0,0,0,224917070322
1775011206.818,loading,0,NVIDIA H100 80GB HBM3,123.0,33,0,81559,0,0,0.000000,0.000000,0.000837,0.000000,1207810,1409549,0,0,0,237766094870
1775011206.818,loading,1,NVIDIA H100 80GB HBM3,122.9,31,0,81559,0,0,0.000000,0.000000,0.000834,0.000000,749605,1420605,0,0,0,231192691338
1775011206.818,loading,2,NVIDIA H100 80GB HBM3,120.9,32,0,81559,0,0,0.000000,0.000000,0.000006,0.000000,705053,867556,0,0,0,230258116184
1775011206.818,loading,3,NVIDIA H100 80GB HBM3,120.8,32,0,81559,0,0,0.000000,0.000000,0.000005,0.000000,518952,754839,0,0,0,234451491025
1775011206.818,loading,4,NVIDIA H100 80GB HBM3,124.5,34,3,81559,0,0,0.000000,0.000000,0.000015,0.000000,1048390,3014086,0,0,0,229488887823
1775011206.818,loading,5,NVIDIA H100 80GB HBM3,126.2,32,3,81559,1,0,0.000000,0.000000,0.001640,0.000000,3323504,3475525,0,0,0,226002895455
1775011206.818,loading,6,NVIDIA H100 80GB HBM3,120.2,34,528,81559,0,0,0.000000,0.000000,0.000014,0.000000,3651064,3771630,0,0,0,226007505366
1775011206.818,loading,7,NVIDIA H100 80GB HBM3,120.9,32,3,81559,0,0,0.000000,0.000000,0.000013,0.000000,495367,744361,0,0,0,224917070322
1775011206.918,loading,0,NVIDIA H100 80GB HBM3,122.9,33,0,81559,0,0,0.000000,0.000000,0.000005,0.000000,387907,631660,0,0,0,237766107051
1775011206.918,loading,1,NVIDIA H100 80GB HBM3,122.9,31,0,81559,0,0,0.000000,0.000000,0.000006,0.000000,2049616,985495,0,0,0,231192715929
1775011206.918,loading,2,NVIDIA H100 80GB HBM3,121.0,32,0,81559,0,0,0.000000,0.000000,0.000005,0.000000,393143,644756,0,0,0,230258128272
1775011206.918,loading,3,NVIDIA H100 80GB HBM3,120.8,32,0,81559,0,0,0.000000,0.000000,0.000006,0.000000,995995,1142773,0,0,0,234451503090
1775011206.918,loading,4,NVIDIA H100 80GB HBM3,124.6,34,0,81559,0,0,0.000000,0.000000,0.000006,0.000000,2883039,2925009,0,0,0,229488900276
1775011206.918,loading,5,NVIDIA H100 80GB HBM3,126.2,32,0,81559,1,0,0.000000,0.000000,0.000006,0.000000,1521354,1584090,0,0,0,226002908060
1775011206.918,loading,6,NVIDIA H100 80GB HBM3,120.2,34,528,81559,0,0,0.000000,0.000000,0.000006,0.000000,3716631,3779535,0,0,0,226007517392
1775011206.918,loading,7,NVIDIA H100 80GB HBM3,121.0,32,3,81559,0,0,0.000000,0.000000,0.000006,0.000000,5433095,5548414,0,0,0,224917082448
1775011207.018,loading,0,NVIDIA H100 80GB HBM3,122.6,34,0,81559,0,0,0.000000,0.000000,0.000006,0.000000,1011701,2411316,0,0,0,237766119212
1775011207.018,loading,1,NVIDIA H100 80GB HBM3,122.9,32,0,81559,0,0,0.000000,0.000000,0.000006,0.000000,398384,2175424,0,0,0,231192728202
1775011207.018,loading,2,NVIDIA H100 80GB HBM3,121.0,32,0,81559,0,0,0.000000,0.000000,0.000006,0.000000,2091540,2185895,0,0,0,230258140368
1775011207.018,loading,3,NVIDIA H100 80GB HBM3,120.8,32,0,81559,0,0,0.000000,0.000000,0.000006,0.000000,1661686,1829427,0,0,0,234451527226
1775011207.018,loading,4,NVIDIA H100 80GB HBM3,124.6,34,0,81559,0,0,0.000000,0.000000,0.000007,0.000000,2772992,3535733,0,0,0,229488912732
1775011207.018,loading,5,NVIDIA H100 80GB HBM3,126.2,32,0,81559,0,0,0.000000,0.000000,0.000017,0.000000,5499057,6631371,0,0,0,226002933257
1775011207.018,loading,6,NVIDIA H100 80GB HBM3,120.3,34,0,81559,1,0,0.000000,0.000000,0.001668,0.000000,2314800,2476967,0,0,0,226007529455
1775011207.018,loading,7,NVIDIA H100 80GB HBM3,121.1,32,0,81559,1,0,0.000000,0.000000,0.000006,0.000000,1493955,1677424,0,0,0,224917094512
1775011207.118,loading,0,NVIDIA H100 80GB HBM3,122.5,34,0,81559,0,0,0.000000,0.000000,0.000005,0.000000,1011701,1284284,0,0,0,237766131393
1775011207.118,loading,1,NVIDIA H100 80GB HBM3,122.9,32,0,81559,0,0,0.000000,0.000000,0.000006,0.000000,398384,655237,0,0,0,231192740495
1775011207.118,loading,2,NVIDIA H100 80GB HBM3,121.0,32,0,81559,0,0,0.000000,0.000000,0.000005,0.000000,901199,1113400,0,0,0,230258152458
1775011207.118,loading,3,NVIDIA H100 80GB HBM3,120.8,32,0,81559,0,0,0.000000,0.000000,0.000006,0.000000,391257,725885,0,0,0,234451539301
1775011207.118,loading,4,NVIDIA H100 80GB HBM3,124.6,34,0,81559,0,0,0.000000,0.000000,0.000010,0.000000,2842195,3535733,0,0,0,229488925176
1775011207.118,loading,5,NVIDIA H100 80GB HBM3,126.2,32,0,81559,0,0,0.000000,0.000000,0.000006,0.000000,398388,697179,0,0,0,226002945881
1775011207.118,loading,6,NVIDIA H100 80GB HBM3,120.3,34,0,81559,1,0,0.000000,0.000000,0.001668,0.000000,11721286,12659198,0,0,0,226007541516
1775011207.118,loading,7,NVIDIA H100 80GB HBM3,121.0,32,0,81559,0,0,0.000000,0.000000,0.000018,0.000000,5278681,6489580,0,0,0,224917106550
1775011207.218,loading,0,NVIDIA H100 80GB HBM3,122.4,34,0,81559,0,0,0.000000,0.000000,0.000006,0.000000,1132272,1273806,0,0,0,237766143609
1775011207.218,loading,1,NVIDIA H100 80GB HBM3,122.9,32,0,81559,0,0,0.000000,0.000000,0.000005,0.000000,2081082,2123018,0,0,0,231192752782
1775011207.218,loading,2,NVIDIA H100 80GB HBM3,121.0,32,0,81559,0,0,0.000000,0.000000,0.000006,0.000000,1803275,1693191,0,0,0,230258176645
1775011207.218,loading,3,NVIDIA H100 80GB HBM3,120.8,32,0,81559,0,0,0.000000,0.000000,0.000005,0.000000,1955353,1897689,0,0,0,234451551361
1775011207.218,loading,4,NVIDIA H100 80GB HBM3,124.6,34,0,81559,0,0,0.000000,0.000000,0.000006,0.000000,2437537,576627,0,0,0,229488937623
1775011207.218,loading,5,NVIDIA H100 80GB HBM3,126.2,32,0,81559,0,0,0.000000,0.000000,0.000006,0.000000,2329207,2251393,0,0,0,226002958461
1775011207.218,loading,6,NVIDIA H100 80GB HBM3,120.4,34,0,81559,0,0,0.000000,0.000000,0.000005,0.000000,1918668,1861003,0,0,0,226007541516
1775011207.218,loading,7,NVIDIA H100 80GB HBM3,121.0,32,0,81559,0,0,0.000000,0.000000,0.000005,0.000000,1588301,1551608,0,0,0,224917106550
